site_id,latitude,longitude,description,feature_name,comid,country,origin_study_code,data_source,nearest_eq_distance_km,nearest_eq_id,nearest_eq_magnitude,nearest_eq_depth_km,nearest_eq_depth_category,nearest_eq_year,nearest_eq_place,proximity_category
ALAC,29.434045,-98.519132,stream,Alazan Creek,10840404.0,United States,AV1,PNNL_River_Sampling,422.79,tx2024ophu,5.1,3.2959,Shallow,2024.0,"17 km NNE of Hermleigh, Texas",Moderate (100-500 km)
Altamaha (Tidal driven),31.337603,-81.48373,stream,Altamaha,14352998.0,United States,48hr,PNNL_River_Sampling,572.35,se60324281,5.1,4.14,Shallow,2020.0,"4 km SE of Sparta, North Carolina",Distant (>500 km)
APAC,29.414842,-98.514739,stream,Apache Creek,10840420.0,United States,AV1,PNNL_River_Sampling,424.87,tx2024ophu,5.1,3.2959,Shallow,2024.0,"17 km NNE of Hermleigh, Texas",Moderate (100-500 km)
BLU-BLU,44.1623,-122.332,stream,Blue River,23773405.0,United States,WROL,PNNL_River_Sampling,99.46,uw10306313,5.6,19.608,Shallow,1993.0,"4 km E of Scotts Mills, Oregon",Very Close (<100 km)
BLU-TID,44.2179,-122.265,stream,Blue River below Tidbits Creek,23773429.0,United States,WROL,PNNL_River_Sampling,94.81,uw10306313,5.6,19.608,Shallow,1993.0,"4 km E of Scotts Mills, Oregon",Very Close (<100 km)
BOU1,45.6449,-73.4774,stream,St. Lawrence River,-9999.0,Canada,STL,PNNL_River_Sampling,126.11,iscgem899531,5.74,15.0,Shallow,1944.0,"8 km S of Cornwall, Canada",Moderate (100-500 km)
BOU2,45.6462,-73.4637,stream,St. Lawrence River,-9999.0,Canada,STL,PNNL_River_Sampling,127.04,iscgem899531,5.74,15.0,Shallow,1944.0,"8 km S of Cornwall, Canada",Moderate (100-500 km)
BOU3,45.645,-73.4529,stream,St. Lawrence River,-9999.0,Canada,STL,PNNL_River_Sampling,127.4,ld2002042000,5.3,4.83,Shallow,2002.0,"8 km NNW of Au Sable Forks, New York",Moderate (100-500 km)
BOU4,45.5685,-73.5079,stream,St. Lawrence River,-9999.0,Canada,STL,PNNL_River_Sampling,118.38,ld2002042000,5.3,4.83,Shallow,2002.0,"8 km NNW of Au Sable Forks, New York",Moderate (100-500 km)
BR08,44.6006,-75.6606,stream,St. Lawrence River,-9999.0,Canada,STL,PNNL_River_Sampling,81.72,iscgem899531,5.74,15.0,Shallow,1944.0,"8 km S of Cornwall, Canada",Very Close (<100 km)
BR09,44.63438,-75.61223,stream,St. Lawrence River,-9999.0,Canada,STL,PNNL_River_Sampling,76.59,iscgem899531,5.74,15.0,Shallow,1944.0,"8 km S of Cornwall, Canada",Very Close (<100 km)
BR11,44.79,-75.3714,stream,St. Lawrence River,-9999.0,Canada,STL,PNNL_River_Sampling,52.21,iscgem899531,5.74,15.0,Shallow,1944.0,"8 km S of Cornwall, Canada",Very Close (<100 km)
BR12,44.8463,-75.2996,stream,St. Lawrence River,-9999.0,Canada,STL,PNNL_River_Sampling,44.97,iscgem899531,5.74,15.0,Shallow,1944.0,"8 km S of Cornwall, Canada",Very Close (<100 km)
BRO-LAP,43.7236,-121.796,stream,Brown Creek,23700569.0,United States,WROL,PNNL_River_Sampling,153.39,uw10313838,6.0,8.53,Shallow,1993.0,"27 km WNW of Klamath Falls, Oregon",Moderate (100-500 km)
C10,46.649199,-121.300698,stream,Clear Creek,24423347.0,United States,Unknown,PNNL_River_Sampling,15.51,uw10106318,5.0,2.136,Shallow,1981.0,"23 km ESE of Packwood, Washington",Very Close (<100 km)
C11,46.654386,-121.319166,stream,Clear Creek,24423347.0,United States,Unknown,PNNL_River_Sampling,15.45,uw10106318,5.0,2.136,Shallow,1981.0,"23 km ESE of Packwood, Washington",Very Close (<100 km)
C20,46.648074,-121.297724,stream,Clear Creek,24423347.0,United States,Unknown,PNNL_River_Sampling,15.5,uw10106318,5.0,2.136,Shallow,1981.0,"23 km ESE of Packwood, Washington",Very Close (<100 km)
C21,46.6399,-121.2901,stream,Clear Creek,24423347.0,United States,SSS,PNNL_River_Sampling,15.01,uw10106318,5.0,2.136,Shallow,1981.0,"23 km ESE of Packwood, Washington",Very Close (<100 km)
CAC1,47.99,-69.72,stream,St. Lawrence River,-9999.0,Canada,STL,PNNL_River_Sampling,63.06,iscgem910394,6.3,15.0,Shallow,1925.0,"7 km NW of Saint-Pacôme, Canada",Very Close (<100 km)
CIC-DP,29.787553,-98.716049,stream,Cibolo Creek,7850565.0,United States,AV1,PNNL_River_Sampling,379.16,tx2024ophu,5.1,3.2959,Shallow,2024.0,"17 km NNE of Hermleigh, Texas",Moderate (100-500 km)
CIC-NP,29.810569,-98.748951,stream,Cibolo Creek,7851005.0,United States,AV1,PNNL_River_Sampling,375.4,tx2024ophu,5.1,3.2959,Shallow,2024.0,"17 km NNE of Hermleigh, Texas",Moderate (100-500 km)
"Columbia River, WA (Hydropower driven)",46.374321,-119.272549,stream,Columbia River,24415028.0,United States,48hr,PNNL_River_Sampling,75.31,iscgem903747,5.99,10.0,Shallow,1936.0,"3 km SW of Garrett, Washington",Very Close (<100 km)
CON1,45.8594,-73.2928,stream,St. Lawrence River,-9999.0,Canada,STL,PNNL_River_Sampling,152.34,iscgem899531,5.74,15.0,Shallow,1944.0,"8 km S of Cornwall, Canada",Moderate (100-500 km)
CON1.5,45.8432,-73.3113,stream,St. Lawrence River,-9999.0,Canada,STL,PNNL_River_Sampling,150.08,iscgem899531,5.74,15.0,Shallow,1944.0,"8 km S of Cornwall, Canada",Moderate (100-500 km)
CON2,45.8561,-73.278,stream,St. Lawrence River,-9999.0,Canada,STL,PNNL_River_Sampling,152.97,iscgem899531,5.74,15.0,Shallow,1944.0,"8 km S of Cornwall, Canada",Moderate (100-500 km)
CON3,45.8494,-73.2715,stream,St. Lawrence River,-9999.0,Canada,STL,PNNL_River_Sampling,152.37,ld2002042000,5.3,4.83,Shallow,2002.0,"8 km NNW of Au Sable Forks, New York",Moderate (100-500 km)
Ct20,46.648153,-121.297706,stream,Clear Creek Tributary,-9999.0,United States,Unknown,PNNL_River_Sampling,15.51,uw10106318,5.0,2.136,Shallow,1981.0,"23 km ESE of Packwood, Washington",Very Close (<100 km)
Ct21,46.649118,-121.299522,stream,Clear Creek Tributary,-9999.0,United States,Unknown,PNNL_River_Sampling,15.54,uw10106318,5.0,2.136,Shallow,1981.0,"23 km ESE of Packwood, Washington",Very Close (<100 km)
CT-BUNN,41.7862,-72.965,stream,Bunnell Brook,6109247.0,United States,WROL,PNNL_River_Sampling,261.44,usp0001yuv,5.1,12.5,Shallow,1983.0,"8 km WSW of Newcomb, New York",Moderate (100-500 km)
CT-EBRA,44.6339,-71.8981,stream,East Branch Passumpsic River,4570659.0,United States,WROL,PNNL_River_Sampling,94.59,ushis1343,5.26,10.0,Shallow,1940.0,"8 km W of Tamworth, New Hampshire",Very Close (<100 km)
CT-FARM,41.9083,-72.7594,stream,Farmington River,6109717.0,United States,WROL,PNNL_River_Sampling,245.94,ushis1343,5.26,10.0,Shallow,1940.0,"8 km W of Tamworth, New Hampshire",Moderate (100-500 km)
CT-MOOS,44.5117,-71.8378,stream,Moose River,4570675.0,United States,WROL,PNNL_River_Sampling,80.32,ushis1343,5.26,10.0,Shallow,1940.0,"8 km W of Tamworth, New Hampshire",Very Close (<100 km)
CT-NEPA,41.8207,-72.9701,stream,Nepaug River,6109457.0,United States,WROL,PNNL_River_Sampling,257.75,usp0001yuv,5.1,12.5,Shallow,1983.0,"8 km WSW of Newcomb, New York",Moderate (100-500 km)
CT-PASS,44.3656,-72.0393,stream,Passumpsic River,4572379.0,United States,WROL,PNNL_River_Sampling,76.6,ushis1343,5.26,10.0,Shallow,1940.0,"8 km W of Tamworth, New Hampshire",Very Close (<100 km)
CT-PHEL,41.7998,-72.9649,stream,Phelps Brook,6109235.0,United States,WROL,PNNL_River_Sampling,260.06,usp0001yuv,5.1,12.5,Shallow,1983.0,"8 km WSW of Newcomb, New York",Moderate (100-500 km)
CT-POPE,44.4761,-72.125,stream,Pope Brook,4572347.0,United States,WROL,PNNL_River_Sampling,90.21,ushis1343,5.26,10.0,Shallow,1940.0,"8 km W of Tamworth, New Hampshire",Very Close (<100 km)
CT-SLPR,44.4353,-72.0389,stream,Sleepers River,4572307.0,United States,WROL,PNNL_River_Sampling,82.29,ushis1343,5.26,10.0,Shallow,1940.0,"8 km W of Tamworth, New Hampshire",Very Close (<100 km)
CT-STIL,41.9679,-73.0334,stream,Still River,6111419.0,United States,WROL,PNNL_River_Sampling,240.66,usp0001yuv,5.1,12.5,Shallow,1983.0,"8 km WSW of Newcomb, New York",Moderate (100-500 km)
CT-THOM,41.9872,-72.6058,stream,Connecticut River,7700898.0,United States,WROL,PNNL_River_Sampling,232.47,ushis1343,5.26,10.0,Shallow,1940.0,"8 km W of Tamworth, New Hampshire",Moderate (100-500 km)
CT-UNIO,41.7555,-72.887,stream,Farmington River at Unionville,6109643.0,United States,WROL,PNNL_River_Sampling,265.88,ushis1343,5.26,10.0,Shallow,1940.0,"8 km W of Tamworth, New Hampshire",Moderate (100-500 km)
CT-W9,44.4906,-72.1622,stream,W-9; Pope Brook Tributary,-9999.0,United States,WROL,PNNL_River_Sampling,93.39,ushis1343,5.26,10.0,Shallow,1940.0,"8 km W of Tamworth, New Hampshire",Very Close (<100 km)
CULC,29.499388,-98.708709,stream,Culebra Creek,10835802.0,United States,AV1,PNNL_River_Sampling,407.89,tx2024ophu,5.1,3.2959,Shallow,2024.0,"17 km NNE of Hermleigh, Texas",Moderate (100-500 km)
CUL-LAP,43.82276,-121.797685,stream,Cultus River,23700639.0,United States,WROL,PNNL_River_Sampling,149.33,uw10306313,5.6,19.608,Shallow,1993.0,"4 km E of Scotts Mills, Oregon",Moderate (100-500 km)
CW19,45.025,-74.6766,stream,St. Lawrence River,-9999.0,Canada,STL,PNNL_River_Sampling,10.44,iscgem899531,5.74,15.0,Shallow,1944.0,"8 km S of Cornwall, Canada",Very Close (<100 km)
CW20,45.00262,-74.68841,stream,St. Lawrence River,-9999.0,Canada,STL,PNNL_River_Sampling,7.85,iscgem899531,5.74,15.0,Shallow,1944.0,"8 km S of Cornwall, Canada",Very Close (<100 km)
CW21,45.00483,-74.65931,stream,St. Lawrence River,-9999.0,Canada,STL,PNNL_River_Sampling,9.53,iscgem899531,5.74,15.0,Shallow,1944.0,"8 km S of Cornwall, Canada",Very Close (<100 km)
CW22,45.00738,-74.63775,stream,St. Lawrence River,-9999.0,Canada,STL,PNNL_River_Sampling,10.98,iscgem899531,5.74,15.0,Shallow,1944.0,"8 km S of Cornwall, Canada",Very Close (<100 km)
CW23,45.0207,-74.5697,stream,St. Lawrence River,-9999.0,Canada,STL,PNNL_River_Sampling,16.22,iscgem899531,5.74,15.0,Shallow,1944.0,"8 km S of Cornwall, Canada",Very Close (<100 km)
DES-BFA,43.9305,-121.412,stream,Deschutes River at Benham Falls,23700413.0,United States,WROL,PNNL_River_Sampling,155.14,uw10306313,5.6,19.608,Shallow,1993.0,"4 km E of Scotts Mills, Oregon",Moderate (100-500 km)
DES-LAP,43.814019,-121.777208,stream,Deschutes River at La Pine,23700583.0,United States,WROL,PNNL_River_Sampling,150.91,uw10306313,5.6,19.608,Shallow,1993.0,"4 km E of Scotts Mills, Oregon",Moderate (100-500 km)
DES-MAD,44.742799,-121.229678,stream,Deschutes River near Madras,23719673.0,United States,WROL,PNNL_River_Sampling,113.23,uw10306313,5.6,19.608,Shallow,1993.0,"4 km E of Scotts Mills, Oregon",Moderate (100-500 km)
DES-MOO,45.6222,-120.9044,stream,Deschutes River near Biggs,23718705.0,United States,WROL,PNNL_River_Sampling,104.35,ushis2517,5.1,7.0,Shallow,1961.0,"28 km ENE of Amboy, Washington",Moderate (100-500 km)
DES-WIC,43.686204,-121.687328,stream,Deschutes River below Wikiup Reservoir,23700493.0,United States,WROL,PNNL_River_Sampling,150.79,uw10313838,6.0,8.53,Shallow,1993.0,"27 km WNW of Klamath Falls, Oregon",Moderate (100-500 km)
E020,44.05611111,-122.8277778,stream,McKenzie River,23772789.0,United States,EWEB,PNNL_River_Sampling,110.27,uw10306313,5.6,19.608,Shallow,1993.0,"4 km E of Scotts Mills, Oregon",Moderate (100-500 km)
E030,44.07027778,-122.77,stream,McKenzie River,23772801.0,United States,EWEB,PNNL_River_Sampling,108.07,uw10306313,5.6,19.608,Shallow,1993.0,"4 km E of Scotts Mills, Oregon",Moderate (100-500 km)
E040,44.125,-122.4694444,stream,McKenzie River,23772909.0,United States,EWEB,PNNL_River_Sampling,101.79,uw10306313,5.6,19.608,Shallow,1993.0,"4 km E of Scotts Mills, Oregon",Moderate (100-500 km)
E310,44.070619,-122.884631,stream,Camp Creek,23773487.0,United States,EWEB,PNNL_River_Sampling,109.49,uw10306313,5.6,19.608,Shallow,1993.0,"4 km E of Scotts Mills, Oregon",Moderate (100-500 km)
E360,44.141016,-122.605426,stream,Hatchery Creek,23774155.0,United States,EWEB,PNNL_River_Sampling,99.43,uw10306313,5.6,19.608,Shallow,1993.0,"4 km E of Scotts Mills, Oregon",Very Close (<100 km)
E390,44.146326,-122.572401,stream,Gate Creek,23773469.0,United States,EWEB,PNNL_River_Sampling,98.87,uw10306313,5.6,19.608,Shallow,1993.0,"4 km E of Scotts Mills, Oregon",Very Close (<100 km)
E410,44.133096,-122.483071,stream,Bear Creek,23774225.0,United States,EWEB,PNNL_River_Sampling,100.78,uw10306313,5.6,19.608,Shallow,1993.0,"4 km E of Scotts Mills, Oregon",Moderate (100-500 km)
E430,44.149595,-122.364665,stream,Elk Creek,23774923.0,United States,EWEB,PNNL_River_Sampling,100.32,uw10306313,5.6,19.608,Shallow,1993.0,"4 km E of Scotts Mills, Oregon",Moderate (100-500 km)
E431,44.138089,-122.372966,stream,Doris Creek,-9999.0,United States,EWEB,PNNL_River_Sampling,101.45,uw10306313,5.6,19.608,Shallow,1993.0,"4 km E of Scotts Mills, Oregon",Moderate (100-500 km)
E432,44.143315,-122.368051,stream,Fern Creek,-9999.0,United States,EWEB,PNNL_River_Sampling,100.95,uw10306313,5.6,19.608,Shallow,1993.0,"4 km E of Scotts Mills, Oregon",Moderate (100-500 km)
E440,44.125267,-122.529883,stream,Marten Creek,23772889.0,United States,EWEB,PNNL_River_Sampling,101.36,uw10306313,5.6,19.608,Shallow,1993.0,"4 km E of Scotts Mills, Oregon",Moderate (100-500 km)
E543,44.209191,-122.25725,stream,Lookout Creek,23773411.0,United States,EWEB,PNNL_River_Sampling,95.91,uw10306313,5.6,19.608,Shallow,1993.0,"4 km E of Scotts Mills, Oregon",Very Close (<100 km)
E547,44.160261,-122.334339,stream,Simmonds Creek,23773463.0,United States,EWEB,PNNL_River_Sampling,99.64,uw10306313,5.6,19.608,Shallow,1993.0,"4 km E of Scotts Mills, Oregon",Very Close (<100 km)
EAS-ALM,38.6644,-106.8475,stream,East River at Almont,1333418.0,United States,WROL,PNNL_River_Sampling,77.02,ushis2466,5.5,49.0,Shallow,1960.0,"15 km E of Colona, Colorado",Very Close (<100 km)
EAS-BRA,38.9857545,-107.0027911,stream,Bradley Creek tributary  of East River,1332190.0,United States,WROL,PNNL_River_Sampling,92.22,ushis2466,5.5,49.0,Shallow,1960.0,"15 km E of Colona, Colorado",Very Close (<100 km)
EAS-PUM,38.9225691,-106.9508935,stream,East River pump house,1332754.0,United States,WROL,PNNL_River_Sampling,89.29,ushis2466,5.5,49.0,Shallow,1960.0,"15 km E of Colona, Colorado",Very Close (<100 km)
EAS-ROC,38.9826927,-107.0051498,stream,Rock Creek tributary of East River,1332198.0,United States,WROL,PNNL_River_Sampling,91.82,ushis2466,5.5,49.0,Shallow,1960.0,"15 km E of Colona, Colorado",Very Close (<100 km)
EAS-RUS,38.9905473,-107.0065371,stream,Rustlers Creek tributary of East River,1332186.0,United States,WROL,PNNL_River_Sampling,92.48,ushis2466,5.5,49.0,Shallow,1960.0,"15 km E of Colona, Colorado",Very Close (<100 km)
East Fork Poplar Creek (Wastewater driven),35.966194,-84.358442,stream,East Fork Poplar Creek,22125640.0,United States,48hr,PNNL_River_Sampling,248.26,se60079,5.2,8.0,Shallow,1980.0,"3 km SSE of Sharpsburg, Kentucky",Moderate (100-500 km)
G01,46.730815,-120.94124,Groundwater spring,Unknown,-9999.0,United States,PRT,PNNL_River_Sampling,41.44,uw10106318,5.0,2.136,Shallow,1981.0,"23 km ESE of Packwood, Washington",Very Close (<100 km)
G02,46.727441,-120.811664,Groundwater well,Unknown,-9999.0,United States,PRT,PNNL_River_Sampling,49.83,uw10106318,5.0,2.136,Shallow,1981.0,"23 km ESE of Packwood, Washington",Very Close (<100 km)
GUN-GRJ,38.9833,-108.45,stream,Gunnison River near Grand Junction,3232569.0,United States,WROL,PNNL_River_Sampling,105.94,ushis2466,5.5,49.0,Shallow,1960.0,"15 km E of Colona, Colorado",Moderate (100-500 km)
GUN-GUN,38.529203,-106.956087,stream,Gunnison River near Gunnison,3252665.0,United States,WROL,PNNL_River_Sampling,61.62,ushis2466,5.5,49.0,Shallow,1960.0,"15 km E of Colona, Colorado",Very Close (<100 km)
GUN-R32,38.5172,-106.9956,stream,Gunnison River at Road 32,3252693.0,United States,WROL,PNNL_River_Sampling,57.94,ushis2466,5.5,49.0,Shallow,1960.0,"15 km E of Colona, Colorado",Very Close (<100 km)
GUN-TUN,38.5292,-107.6483,stream,Gunnison River below Gunnison Tunnel,3252173.0,United States,WROL,PNNL_River_Sampling,25.83,ushis2466,5.5,49.0,Shallow,1960.0,"15 km E of Colona, Colorado",Very Close (<100 km)
"HJ Andrews, OR (Evapotranspiration driven)",44.206532,-122.256641,stream,HJ Andrews,-9999.0,United States,48hr,PNNL_River_Sampling,96.21,uw10306313,5.6,19.608,Shallow,1993.0,"4 km E of Scotts Mills, Oregon",Very Close (<100 km)
HJA-WS1,44.208517,-122.256831,stream,HJ Andrews watershed 1,-9999.0,United States,WROL,PNNL_River_Sampling,95.99,uw10306313,5.6,19.608,Shallow,1993.0,"4 km E of Scotts Mills, Oregon",Very Close (<100 km)
HJA-WS2,44.213385,-122.243976,stream,HJ Andrews watershed 2,-9999.0,United States,WROL,PNNL_River_Sampling,95.78,uw10306313,5.6,19.608,Shallow,1993.0,"4 km E of Scotts Mills, Oregon",Very Close (<100 km)
HOPB,42.47168,-72.33038,stream,Hop Brook,7690025.0,United States,CM,PNNL_River_Sampling,174.1,ushis1343,5.26,10.0,Shallow,1940.0,"8 km W of Tamworth, New Hampshire",Moderate (100-500 km)
IRQ1,44.5815,-75.679,stream,St. Lawrence River,-9999.0,Canada,STL,PNNL_River_Sampling,84.02,iscgem899531,5.74,15.0,Shallow,1944.0,"8 km S of Cornwall, Canada",Very Close (<100 km)
IRQ1.5,44.736,-75.4524,stream,St. Lawrence River,-9999.0,Canada,STL,PNNL_River_Sampling,60.35,iscgem899531,5.74,15.0,Shallow,1944.0,"8 km S of Cornwall, Canada",Very Close (<100 km)
IRQ2,44.8203,-75.314,stream,St. Lawrence River,-9999.0,Canada,STL,PNNL_River_Sampling,46.85,iscgem899531,5.74,15.0,Shallow,1944.0,"8 km S of Cornwall, Canada",Very Close (<100 km)
LDS-LAP,43.6892,-121.503,stream,Little Deschutes River near La Pine,23706200.0,United States,WROL,PNNL_River_Sampling,154.81,uw10313838,6.0,8.53,Shallow,1993.0,"27 km WNW of Klamath Falls, Oregon",Moderate (100-500 km)
LEC-PR,29.542087,-98.631869,stream,Leon Creek,10835090.0,United States,AV1,PNNL_River_Sampling,407.06,tx2024ophu,5.1,3.2959,Shallow,2024.0,"17 km NNE of Hermleigh, Texas",Moderate (100-500 km)
LEC-RRP,29.631969,-98.609359,stream,Leon Creek,10834984.0,United States,AV1,PNNL_River_Sampling,399.28,tx2024ophu,5.1,3.2959,Shallow,2024.0,"17 km NNE of Hermleigh, Texas",Moderate (100-500 km)
LEC-VTH,29.59201,-98.60486,stream,Leon Creek,10835044.0,United States,AV1,PNNL_River_Sampling,403.39,tx2024ophu,5.1,3.2959,Shallow,2024.0,"17 km NNE of Hermleigh, Texas",Moderate (100-500 km)
LOO-BLU,44.2097,-122.257,stream,Lookout Creek near Blue River,23773411.0,United States,WROL,PNNL_River_Sampling,95.86,uw10306313,5.6,19.608,Shallow,1993.0,"4 km E of Scotts Mills, Oregon",Very Close (<100 km)
LSF1,45.2255,-74.2521,stream,St. Lawrence River,-9999.0,Canada,STL,PNNL_River_Sampling,49.76,iscgem899531,5.74,15.0,Shallow,1944.0,"8 km S of Cornwall, Canada",Very Close (<100 km)
LSF2,45.2083,-74.2327,stream,St. Lawrence River,-9999.0,Canada,STL,PNNL_River_Sampling,49.82,iscgem899531,5.74,15.0,Shallow,1944.0,"8 km S of Cornwall, Canada",Very Close (<100 km)
LSF24,45.0378,-74.5253,stream,St. Lawrence River,-9999.0,Canada,STL,PNNL_River_Sampling,20.19,iscgem899531,5.74,15.0,Shallow,1944.0,"8 km S of Cornwall, Canada",Very Close (<100 km)
LSF25,45.1262,-74.4916,stream,St. Lawrence River,-9999.0,Canada,STL,PNNL_River_Sampling,28.38,iscgem899531,5.74,15.0,Shallow,1944.0,"8 km S of Cornwall, Canada",Very Close (<100 km)
LSF26,45.181,-74.3737,stream,St. Lawrence River,-9999.0,Canada,STL,PNNL_River_Sampling,39.29,iscgem899531,5.74,15.0,Shallow,1944.0,"8 km S of Cornwall, Canada",Very Close (<100 km)
LSF3,45.189,-74.2141,stream,St. Lawrence River,-9999.0,Canada,STL,PNNL_River_Sampling,49.81,iscgem899531,5.74,15.0,Shallow,1944.0,"8 km S of Cornwall, Canada",Very Close (<100 km)
LSF3.5,45.3461,-73.9723,stream,St. Lawrence River,-9999.0,Canada,STL,PNNL_River_Sampling,75.31,iscgem899531,5.74,15.0,Shallow,1944.0,"8 km S of Cornwall, Canada",Very Close (<100 km)
LSL1,45.4095,-73.8706,stream,St. Lawrence River,-9999.0,Canada,STL,PNNL_River_Sampling,85.88,iscgem899531,5.74,15.0,Shallow,1944.0,"8 km S of Cornwall, Canada",Very Close (<100 km)
LSL13,44.8976,-75.17,stream,St. Lawrence River,-9999.0,Canada,STL,PNNL_River_Sampling,33.8,iscgem899531,5.74,15.0,Shallow,1944.0,"8 km S of Cornwall, Canada",Very Close (<100 km)
LSL14,44.9908,-74.9473,stream,St. Lawrence River,-9999.0,Canada,STL,PNNL_River_Sampling,16.64,iscgem899531,5.74,15.0,Shallow,1944.0,"8 km S of Cornwall, Canada",Very Close (<100 km)
LSL15,45.0099,-74.9389,stream,St. Lawrence River,-9999.0,Canada,STL,PNNL_River_Sampling,16.8,iscgem899531,5.74,15.0,Shallow,1944.0,"8 km S of Cornwall, Canada",Very Close (<100 km)
LSL16,45.0138,-74.89,stream,St. Lawrence River,-9999.0,Canada,STL,PNNL_River_Sampling,13.67,iscgem899531,5.74,15.0,Shallow,1944.0,"8 km S of Cornwall, Canada",Very Close (<100 km)
LSL17,45.0261,-74.8901,stream,St. Lawrence River,-9999.0,Canada,STL,PNNL_River_Sampling,14.48,iscgem899531,5.74,15.0,Shallow,1944.0,"8 km S of Cornwall, Canada",Very Close (<100 km)
LSL18,45.0189,-74.8569,stream,St. Lawrence River,-9999.0,Canada,STL,PNNL_River_Sampling,11.98,iscgem899531,5.74,15.0,Shallow,1944.0,"8 km S of Cornwall, Canada",Very Close (<100 km)
LSL2,45.3954,-73.843,stream,St. Lawrence River,-9999.0,Canada,STL,PNNL_River_Sampling,86.71,iscgem899531,5.74,15.0,Shallow,1944.0,"8 km S of Cornwall, Canada",Very Close (<100 km)
LSL3,45.3816,-73.807,stream,St. Lawrence River,-9999.0,Canada,STL,PNNL_River_Sampling,88.18,iscgem899531,5.74,15.0,Shallow,1944.0,"8 km S of Cornwall, Canada",Very Close (<100 km)
LSPA1,46.2663,-72.7154,stream,St. Lawrence River,-9999.0,Canada,STL,PNNL_River_Sampling,209.56,ld2002042000,5.3,4.83,Shallow,2002.0,"8 km NNW of Au Sable Forks, New York",Moderate (100-500 km)
LSPA3,46.2638,-72.6952,stream,St. Lawrence River,-9999.0,Canada,STL,PNNL_River_Sampling,209.88,ld2002042000,5.3,4.83,Shallow,2002.0,"8 km NNW of Au Sable Forks, New York",Moderate (100-500 km)
LSPA4,46.2453,-72.6776,stream,St. Lawrence River,-9999.0,Canada,STL,PNNL_River_Sampling,208.5,ld2002042000,5.3,4.83,Shallow,2002.0,"8 km NNW of Au Sable Forks, New York",Moderate (100-500 km)
LSPM1,46.226,-72.8541,stream,St. Lawrence River,-9999.0,Canada,STL,PNNL_River_Sampling,201.61,ld2002042000,5.3,4.83,Shallow,2002.0,"8 km NNW of Au Sable Forks, New York",Moderate (100-500 km)
LSPM2,46.2033,-72.8251,stream,St. Lawrence River,-9999.0,Canada,STL,PNNL_River_Sampling,199.99,ld2002042000,5.3,4.83,Shallow,2002.0,"8 km NNW of Au Sable Forks, New York",Moderate (100-500 km)
LSPM3,46.1841,-72.8066,stream,St. Lawrence River,-9999.0,Canada,STL,PNNL_River_Sampling,198.49,ld2002042000,5.3,4.83,Shallow,2002.0,"8 km NNW of Au Sable Forks, New York",Moderate (100-500 km)
M01,46.7237694,-120.8146,stream,Oak Creek,24423655.0,United States,PRT,PNNL_River_Sampling,49.44,uw10106318,5.0,2.136,Shallow,1981.0,"23 km ESE of Packwood, Washington",Very Close (<100 km)
M01A,46.7284,-120.8099,Open field,Unknown,-9999.0,United States,PRT,PNNL_River_Sampling,49.99,uw10106318,5.0,2.136,Shallow,1981.0,"23 km ESE of Packwood, Washington",Very Close (<100 km)
M02,46.729449,-120.936802,stream,Oak Creek,24423673.0,United States,PRT,PNNL_River_Sampling,41.64,uw10106318,5.0,2.136,Shallow,1981.0,"23 km ESE of Packwood, Washington",Very Close (<100 km)
M03,46.716332,-121.00993,stream,Oak Creek,24423679.0,United States,PRT,PNNL_River_Sampling,36.21,uw10106318,5.0,2.136,Shallow,1981.0,"23 km ESE of Packwood, Washington",Very Close (<100 km)
MART,45.792488,-121.92897,stream,Martha Creek,24505800.0,United States,CM,PNNL_River_Sampling,29.67,ushis2517,5.1,7.0,Shallow,1961.0,"28 km ENE of Amboy, Washington",Very Close (<100 km)
MASS1,47.2429,-70.5521,stream,St. Lawrence River,-9999.0,Canada,STL,PNNL_River_Sampling,47.2,iscgem910394,6.3,15.0,Shallow,1925.0,"7 km NW of Saint-Pacôme, Canada",Very Close (<100 km)
MAYF,32.96156,-87.40832,stream,Mayfield Creek,18208464.0,United States,CM,PNNL_River_Sampling,559.98,iscgem814965,5.26,15.7,Shallow,1968.0,"5 km SSW of Norris City, Illinois",Distant (>500 km)
MCK-WAL,44.06957,-122.772306,stream,McKenzie River near Walterville,23772801.0,United States,WROL,PNNL_River_Sampling,108.17,uw10306313,5.6,19.608,Shallow,1993.0,"4 km E of Scotts Mills, Oregon",Moderate (100-500 km)
MEDC,29.390361,-98.667079,stream,Medio Creek,10835992.0,United States,AV1,PNNL_River_Sampling,420.54,tx2024ophu,5.1,3.2959,Shallow,2024.0,"17 km NNE of Hermleigh, Texas",Moderate (100-500 km)
MENC,29.775353,-98.709637,stream,Menger Creek,7851009.0,United States,AV1,PNNL_River_Sampling,380.65,tx2024ophu,5.1,3.2959,Shallow,2024.0,"17 km NNE of Hermleigh, Texas",Moderate (100-500 km)
MP-100019,43.1798044,-70.8911464,stream,Bellamy River,5844986.0,United States,CM,PNNL_River_Sampling,86.11,ushis1343,5.26,10.0,Shallow,1940.0,"8 km W of Tamworth, New Hampshire",Very Close (<100 km)
MP-100020,43.0881,-71.2346,stream,Lamprey River,5848094.0,United States,CM,PNNL_River_Sampling,87.85,ushis1343,5.26,10.0,Shallow,1940.0,"8 km W of Tamworth, New Hampshire",Very Close (<100 km)
MP-100021,43.0795,-71.0359,stream,North River,5848106.0,United States,CM,PNNL_River_Sampling,92.15,ushis1343,5.26,10.0,Shallow,1940.0,"8 km W of Tamworth, New Hampshire",Very Close (<100 km)
MP-100057,41.5236,-72.2067,stream,Yantic River,-9999.0,United States,CM,PNNL_River_Sampling,269.93,ushis1343,5.26,10.0,Shallow,1940.0,"8 km W of Tamworth, New Hampshire",Moderate (100-500 km)
MP-100068,43.71559,-72.41875,stream,White River,6084503.0,United States,CM,PNNL_River_Sampling,85.95,ushis1343,5.26,10.0,Shallow,1940.0,"8 km W of Tamworth, New Hampshire",Very Close (<100 km)
MP-100166,42.7231,-73.1978,stream,Hoosic River,22290173.0,United States,CM,PNNL_River_Sampling,160.01,usp0001yuv,5.1,12.5,Shallow,1983.0,"8 km WSW of Newcomb, New York",Moderate (100-500 km)
MP-100167,42.7638,-73.3372,stream,Little Hoosic River,22290155.0,United States,CM,PNNL_River_Sampling,150.3,usp0001yuv,5.1,12.5,Shallow,1983.0,"8 km WSW of Newcomb, New York",Moderate (100-500 km)
MP-100201,42.5055,-73.5062,stream,Kinderhook Creek,6186124.0,United States,CM,PNNL_River_Sampling,170.54,usp0001yuv,5.1,12.5,Shallow,1983.0,"8 km WSW of Newcomb, New York",Moderate (100-500 km)
MP-100379,39.96766,-75.185,stream,Schuylkill River,4784831.0,United States,CM,PNNL_River_Sampling,330.11,se609212,5.8,6.0,Shallow,2011.0,"11 km SSW of Mineral, Virginia",Moderate (100-500 km)
MP-100598,38.7819,-77.3884,stream,Pope's Head Creek,22339187.0,United States,CM,PNNL_River_Sampling,108.12,se609212,5.8,6.0,Shallow,2011.0,"11 km SSW of Mineral, Virginia",Moderate (100-500 km)
MP-100607,37.41459,-78.63541,stream,Holiday Creek,8611825.0,United States,CM,PNNL_River_Sampling,82.57,se609212,5.8,6.0,Shallow,2011.0,"11 km SSW of Mineral, Virginia",Very Close (<100 km)
MP-100656,35.3668,-77.4403,stream,Contentnea Creek,11574664.0,United States,CM,PNNL_River_Sampling,286.2,se609212,5.8,6.0,Shallow,2011.0,"11 km SSW of Mineral, Virginia",Moderate (100-500 km)
MP-100667,34.220658,-79.543785,stream,Great Pee Dee River,9175254.0,United States,CM,PNNL_River_Sampling,287.0,se60324281,5.1,4.14,Shallow,2020.0,"4 km SE of Sparta, North Carolina",Moderate (100-500 km)
MP-100670,33.6666,-79.8467,stream,Black River,9090922.0,United States,CM,PNNL_River_Sampling,331.96,se60324281,5.1,4.14,Shallow,2020.0,"4 km SE of Sparta, North Carolina",Moderate (100-500 km)
MP-100747,31.669166,-81.830278,stream,Altamaha,14347322.0,United States,CM,PNNL_River_Sampling,538.68,se60324281,5.1,4.14,Shallow,2020.0,"4 km SE of Sparta, North Carolina",Distant (>500 km)
MP-100749,31.426667,-81.606667,stream,Altamaha,14353056.0,United States,CM,PNNL_River_Sampling,563.32,se60324281,5.1,4.14,Shallow,2020.0,"4 km SE of Sparta, North Carolina",Distant (>500 km)
MP-100785,26.72027,-81.64963,stream,Caloosahatchee River,10247687.0,United States,CM,PNNL_River_Sampling,404.28,usc000lzju,5.0,10.0,Shallow,2014.0,"26 km NNW of Corralillo, Cuba",Moderate (100-500 km)
MP-100819,29.953092,-82.927775,stream,Suwannee River,2232693.0,United States,CM,PNNL_River_Sampling,541.55,usp000esv9,5.9,14.0,Shallow,2006.0,Gulf of America,Distant (>500 km)
MP-100981,30.423663,-85.032366,stream,Apalachicola River,2297254.0,United States,CM,PNNL_River_Sampling,481.67,usp000esv9,5.9,14.0,Shallow,2006.0,Gulf of America,Moderate (100-500 km)
MP-100984,29.945472,-85.013591,stream,Apalachicola River,2298964.0,United States,CM,PNNL_River_Sampling,432.4,usp000esv9,5.9,14.0,Shallow,2006.0,Gulf of America,Moderate (100-500 km)
MP-101022,33.6052817,-86.7497169,stream,Five Mile Creek,18566327.0,United States,CM,PNNL_River_Sampling,503.1,iscgem814965,5.26,15.7,Shallow,1968.0,"5 km SSW of Norris City, Illinois",Distant (>500 km)
MP-101142,37.0422,-80.5627,stream,Little River,6884184.0,United States,CM,PNNL_River_Sampling,78.51,se60324281,5.1,4.14,Shallow,2020.0,"4 km SE of Sparta, North Carolina",Very Close (<100 km)
MP-101143,37.3724,-80.8599,stream,New River,6908699.0,United States,CM,PNNL_River_Sampling,101.87,se60324281,5.1,4.14,Shallow,2020.0,"4 km SE of Sparta, North Carolina",Moderate (100-500 km)
MP-101276,36.08252,-84.575253,stream,Crooked Fork,19710385.0,United States,CM,PNNL_River_Sampling,239.49,se60079,5.2,8.0,Shallow,1980.0,"3 km SSE of Sharpsburg, Kentucky",Moderate (100-500 km)
MP-101336,46.37655,-90.64121,stream,Bad River,1814999.0,United States,CM,PNNL_River_Sampling,831.97,ushis1163,5.0,2.0,Shallow,1937.0,"3 km E of New Knoxville, Ohio",Distant (>500 km)
MP-101527,43.4099,-83.965,stream,Saginaw River,13204443.0,United States,CM,PNNL_River_Sampling,301.71,usp0002qkz,5.0,10.0,Shallow,1986.0,"4 km NNW of Chardon, Ohio",Moderate (100-500 km)
MP-101583,46.804,-96.798,stream,Red River of the North,6667885.0,United States,CM,PNNL_River_Sampling,577.94,ushis2657,5.1,30.0,Shallow,1964.0,"11 km NW of Merriman, Nebraska",Distant (>500 km)
MP-101584,46.9316,-96.78201,stream,Red River of the North,6667827.0,United States,CM,PNNL_River_Sampling,588.95,ushis2657,5.1,30.0,Shallow,1964.0,"11 km NW of Merriman, Nebraska",Distant (>500 km)
MP-101897,38.9329146,-90.3068491,stream,Mississippi River,880824.0,United States,CM,PNNL_River_Sampling,202.68,iscgem814965,5.26,15.7,Shallow,1968.0,"5 km SSW of Norris City, Illinois",Moderate (100-500 km)
MP-101898,38.86168,-90.13425,stream,Mississippi River,880648.0,United States,CM,PNNL_River_Sampling,185.83,iscgem814965,5.26,15.7,Shallow,1968.0,"5 km SSW of Norris City, Illinois",Moderate (100-500 km)
MP-101915,45.5974,-110.566,stream,Yellowstone River,4366016.0,United States,CM,PNNL_River_Sampling,82.87,iscgem882677,5.67,15.0,Shallow,1959.0,"13 km SSW of Mammoth, Wyoming",Very Close (<100 km)
MP-101929,44.847593,-107.305985,stream,Tongue River,5336835.0,United States,CM,PNNL_River_Sampling,126.41,usp00024q9,5.0,18.0,Shallow,1984.0,"37 km W of Gillette, Wyoming",Moderate (100-500 km)
MP-102055,39.76778,-94.8625,stream,MO River,2252949.0,United States,CM,PNNL_River_Sampling,413.31,us10006jxs,5.8,5.557,Shallow,2016.0,"14 km NW of Pawnee, Oklahoma",Moderate (100-500 km)
MP-102063,38.984876,-94.973106,stream,Kansas River,3730389.0,United States,CM,PNNL_River_Sampling,332.58,us10006jxs,5.8,5.557,Shallow,2016.0,"14 km NW of Pawnee, Oklahoma",Moderate (100-500 km)
MP-102203,34.675166,-92.161779,stream,Arkansas River,22848175.0,United States,CM,PNNL_River_Sampling,429.36,ok2024cish,5.06,3.0,Shallow,2024.0,"8 km NW of Prague, Oklahoma",Moderate (100-500 km)
MP-102277,30.1982931,-92.4631118,stream,Bayou Plaqemarine,15140491.0,United States,CM,PNNL_River_Sampling,342.72,usp000e9v9,5.3,5.0,Shallow,2006.0,"157 km S of Grand Isle, Louisiana",Moderate (100-500 km)
MP-102281,30.189567,-92.590164,stream,Mermentau River,15096243.0,United States,CM,PNNL_River_Sampling,350.02,usp000e9v9,5.3,5.0,Shallow,2006.0,"157 km S of Grand Isle, Louisiana",Moderate (100-500 km)
MP-102321,29.7624,-95.55825,stream,Buffalo Bayou,1439297.0,United States,CM,PNNL_River_Sampling,563.72,usp000e9v9,5.3,5.0,Shallow,2006.0,"157 km S of Grand Isle, Louisiana",Distant (>500 km)
MP-102322,29.3338,-95.2832,stream,Chocolate Bayou,1566256.0,United States,CM,PNNL_River_Sampling,522.84,usp000e9v9,5.3,5.0,Shallow,2006.0,"157 km S of Grand Isle, Louisiana",Distant (>500 km)
MP-102327,31.1355617,-96.8252242,stream,Brazos River,5555562.0,United States,CM,PNNL_River_Sampling,404.56,tx2024ophu,5.1,3.2959,Shallow,2024.0,"17 km NNE of Hermleigh, Texas",Moderate (100-500 km)
MP-102337,30.75244,-98.67373,stream,Llano River,5771725.0,United States,CM,PNNL_River_Sampling,292.15,tx2024ophu,5.1,3.2959,Shallow,2024.0,"17 km NNE of Hermleigh, Texas",Moderate (100-500 km)
MP-102338,30.2457,-97.6915,stream,Lower Colorado River,5781917.0,United States,CM,PNNL_River_Sampling,397.05,tx2024ophu,5.1,3.2959,Shallow,2024.0,"17 km NNE of Hermleigh, Texas",Moderate (100-500 km)
MP-102340,28.8318,-96.5783,stream,Lavaca River/Estuary,7843181.0,United States,CM,PNNL_River_Sampling,585.79,tx2024ophu,5.1,3.2959,Shallow,2024.0,"17 km NNE of Hermleigh, Texas",Distant (>500 km)
MP-102358,28.461375,-98.190709,stream,Frio River,10664258.0,United States,CM,PNNL_River_Sampling,533.71,tx2024ophu,5.1,3.2959,Shallow,2024.0,"17 km NNE of Hermleigh, Texas",Distant (>500 km)
MP-102385,35.776694,-105.658917,stream,Rio Mora,20815146.0,United States,CM,PNNL_River_Sampling,149.68,usp000dx3k,5.0,5.0,Shallow,2005.0,"20 km S of Weston, Colorado",Moderate (100-500 km)
MP-102398,39.844312,-105.751041,stream,Fraser River,1239663.0,United States,CM,PNNL_River_Sampling,74.41,ushis2979,5.2,5.0,Shallow,1967.0,"4 km NE of Derby, Colorado",Very Close (<100 km)
MP-102420,38.85626,-107.05596,stream,Coal Creek,1332234.0,United States,CM,PNNL_River_Sampling,77.86,ushis2466,5.5,49.0,Shallow,1960.0,"15 km E of Colona, Colorado",Very Close (<100 km)
MP-102534,39.52207,-119.97538,stream,Truckee,8932036.0,United States,CM,PNNL_River_Sampling,3.1,nn00385392,5.1,2.8,Shallow,2008.0,"1 km NW of Mogul, Nevada",Very Close (<100 km)
MP-102600,37.7323106,-121.10824,stream,Stanislaus River,2821830.0,United States,CM,PNNL_River_Sampling,52.62,nc1050437,5.4,14.166,Shallow,1980.0,"9 km NE of Livermore, California",Very Close (<100 km)
MP-102602,38.1490173,-121.2992935,stream,Mokelumne River,3953581.0,United States,CM,PNNL_River_Sampling,53.54,nc1050040,5.8,14.488,Shallow,1980.0,"The 1980 Livermore, California Earthquake",Very Close (<100 km)
MP-102695,48.8186,-122.5806,stream,Nooksack River,23955772.0,United States,CM,PNNL_River_Sampling,30.89,uw10257663,5.0,11.861,Shallow,1990.0,"4 km ENE of Deming, Washington",Very Close (<100 km)
MP-102901,46.7322,-117.1805,stream,South Fork Palouse,23459939.0,United States,CM,PNNL_River_Sampling,123.49,iscgem903747,5.99,10.0,Shallow,1936.0,"3 km SW of Garrett, Washington",Moderate (100-500 km)
MP-102944,45.7124168,-123.7629212,stream,Nehalem River,23871899.0,United States,CM,PNNL_River_Sampling,91.15,iscgem875624,5.16,15.0,Shallow,1962.0,"5 km E of Bridgeton, Oregon",Very Close (<100 km)
MP-103021,34.42521,-81.60461,stream,Indian creek,9693728.0,United States,CM,PNNL_River_Sampling,232.63,se60324281,5.1,4.14,Shallow,2020.0,"4 km SE of Sparta, North Carolina",Moderate (100-500 km)
MP-103034,33.9959631,-80.9569115,stream,Wildcat Creek,9680956.0,United States,CM,PNNL_River_Sampling,275.83,se60324281,5.1,4.14,Shallow,2020.0,"4 km SE of Sparta, North Carolina",Moderate (100-500 km)
MP-103089,41.3825,-72.8972,stream,Mill River,6177260.0,United States,CM,PNNL_River_Sampling,303.7,ushis1343,5.26,10.0,Shallow,1940.0,"8 km W of Tamworth, New Hampshire",Moderate (100-500 km)
MP-103149,35.8365411,-78.782094,stream,Crabtree Creek,8785913.0,United States,CM,PNNL_River_Sampling,218.7,se60324281,5.1,4.14,Shallow,2020.0,"4 km SE of Sparta, North Carolina",Moderate (100-500 km)
MP-103224,35.689577,-82.593379,stream,Reems Creek,22160728.0,United States,CM,PNNL_River_Sampling,161.09,se60324281,5.1,4.14,Shallow,2020.0,"4 km SE of Sparta, North Carolina",Moderate (100-500 km)
MP-103357,33.9485,-117.6118,stream,Cucamonga Creek,22563070.0,United States,CM,PNNL_River_Sampling,14.25,ci14383980,5.44,15.503,Shallow,2008.0,"5km S of Chino Hills, CA",Very Close (<100 km)
MP-103380,34.16866,-116.831793,stream,South Fork Santa Ana River,22559686.0,United States,CM,PNNL_River_Sampling,2.0,ci2057008,5.53,9.615,Shallow,1992.0,"11km SSE of Big Bear Lake, California",Very Close (<100 km)
MP-103531,39.0073,-121.5804,stream,Bear/Feather River,7972667.0,United States,CM,PNNL_River_Sampling,47.34,nc71105799,5.7,4.97,Shallow,1975.0,"The 1975 Oroville, California Earthquake",Very Close (<100 km)
MP-103594,39.4803,-106.0468,stream,Blue River,1314635.0,United States,CM,PNNL_River_Sampling,108.85,ushis2979,5.2,5.0,Shallow,1967.0,"4 km NE of Derby, Colorado",Moderate (100-500 km)
MP-103805,40.1047,-77.1803,stream,Mountain Creek,4711518.0,United States,CM,PNNL_River_Sampling,252.66,se609212,5.8,6.0,Shallow,2011.0,"11 km SSW of Mineral, Virginia",Moderate (100-500 km)
MP-103975,40.66522,-111.84597,stream,Big Cottonwood Creek,10389524.0,United States,CM,PNNL_River_Sampling,21.46,ushis2571,5.03,7.0,Shallow,1962.0,"1 km NE of Magna, Utah",Very Close (<100 km)
MP-104218,45.537135,-122.379308,stream,Beaver Creek,23737123.0,United States,CM,PNNL_River_Sampling,18.66,iscgem875624,5.16,15.0,Shallow,1962.0,"5 km E of Bridgeton, Oregon",Very Close (<100 km)
NF01,46.742847,-120.929651,stream,North Fork Oak Creek,24424703.0,United States,PRT,PNNL_River_Sampling,42.92,uw10106318,5.0,2.136,Shallow,1981.0,"23 km ESE of Packwood, Washington",Very Close (<100 km)
Nisqually (Glacial melt driven),46.73861111,-121.9180556,stream,Nisqually,24282182.0,United States,48hr,PNNL_River_Sampling,46.51,uw10106318,5.0,2.136,Shallow,1981.0,"23 km ESE of Packwood, Washington",Very Close (<100 km)
OLC-DR,29.479885,-98.479996,stream,Olmos Creek,10840810.0,United States,AV1,PNNL_River_Sampling,420.13,tx2024ophu,5.1,3.2959,Shallow,2024.0,"17 km NNE of Hermleigh, Texas",Moderate (100-500 km)
ONT1,44.1923,-76.5755,stream,St. Lawrence River,-9999.0,Canada,STL,PNNL_River_Sampling,167.35,iscgem899531,5.74,15.0,Shallow,1944.0,"8 km S of Cornwall, Canada",Moderate (100-500 km)
ONT2,44.1923,-76.3964,stream,St. Lawrence River,-9999.0,Canada,STL,PNNL_River_Sampling,155.23,iscgem899531,5.74,15.0,Shallow,1944.0,"8 km S of Cornwall, Canada",Moderate (100-500 km)
ORL2,47.0044,-70.7079,stream,St. Lawrence River,-9999.0,Canada,STL,PNNL_River_Sampling,72.83,iscgem910394,6.3,15.0,Shallow,1925.0,"7 km NW of Saint-Pacôme, Canada",Very Close (<100 km)
ORL3,46.9782,-70.687,stream,St. Lawrence River,-9999.0,Canada,STL,PNNL_River_Sampling,73.79,iscgem910394,6.3,15.0,Shallow,1925.0,"7 km NW of Saint-Pacôme, Canada",Very Close (<100 km)
QC1,46.8426,-71.1815,stream,St. Lawrence River,-9999.0,Canada,STL,PNNL_River_Sampling,111.82,iscgem910394,6.3,15.0,Shallow,1925.0,"7 km NW of Saint-Pacôme, Canada",Moderate (100-500 km)
QC2,46.8377,-71.1647,stream,St. Lawrence River,-9999.0,Canada,STL,PNNL_River_Sampling,111.16,iscgem910394,6.3,15.0,Shallow,1925.0,"7 km NW of Saint-Pacôme, Canada",Moderate (100-500 km)
QC3,46.8349,-71.1566,stream,St. Lawrence River,-9999.0,Canada,STL,PNNL_River_Sampling,110.87,iscgem910394,6.3,15.0,Shallow,1925.0,"7 km NW of Saint-Pacôme, Canada",Moderate (100-500 km)
QC4,46.8226,-71.2081,stream,St. Lawrence River,-9999.0,Canada,STL,PNNL_River_Sampling,114.79,iscgem910394,6.3,15.0,Shallow,1925.0,"7 km NW of Saint-Pacôme, Canada",Moderate (100-500 km)
REP1,45.7427,-73.4338,stream,St. Lawrence River,-9999.0,Canada,STL,PNNL_River_Sampling,135.59,iscgem899531,5.74,15.0,Shallow,1944.0,"8 km S of Cornwall, Canada",Moderate (100-500 km)
REP2,45.7416,-73.4243,stream,St. Lawrence River,-9999.0,Canada,STL,PNNL_River_Sampling,136.07,iscgem899531,5.74,15.0,Shallow,1944.0,"8 km S of Cornwall, Canada",Moderate (100-500 km)
REP3,45.7445,-73.4062,stream,St. Lawrence River,-9999.0,Canada,STL,PNNL_River_Sampling,137.35,iscgem899531,5.74,15.0,Shallow,1944.0,"8 km S of Cornwall, Canada",Moderate (100-500 km)
REP4,45.7361,-73.4117,stream,St. Lawrence River,-9999.0,Canada,STL,PNNL_River_Sampling,136.43,iscgem899531,5.74,15.0,Shallow,1944.0,"8 km S of Cornwall, Canada",Moderate (100-500 km)
S000001,44.16357,-122.332589,stream,Blue River,23773405.0,United States,Minikits,PNNL_River_Sampling,99.31,uw10306313,5.6,19.608,Shallow,1993.0,"4 km E of Scotts Mills, Oregon",Very Close (<100 km)
S000002,44.219477,-122.24108,stream,WS3,-9999.0,United States,Minikits,PNNL_River_Sampling,95.2,uw10306313,5.6,19.608,Shallow,1993.0,"4 km E of Scotts Mills, Oregon",Very Close (<100 km)
S000003,44.207386,-122.258178,stream,WS1,-9999.0,United States,Minikits,PNNL_River_Sampling,96.08,uw10306313,5.6,19.608,Shallow,1993.0,"4 km E of Scotts Mills, Oregon",Very Close (<100 km)
S000004,44.217143,-122.260991,stream,WS10,-9999.0,United States,Minikits,PNNL_River_Sampling,94.98,uw10306313,5.6,19.608,Shallow,1993.0,"4 km E of Scotts Mills, Oregon",Very Close (<100 km)
S000005,44.210012,-122.257614,stream,Lookout Creek,23773411.0,United States,Minikits,PNNL_River_Sampling,95.82,uw10306313,5.6,19.608,Shallow,1993.0,"4 km E of Scotts Mills, Oregon",Very Close (<100 km)
S000006,44.212101,-122.244663,stream,WS2,-9999.0,United States,Minikits,PNNL_River_Sampling,95.9,uw10306313,5.6,19.608,Shallow,1993.0,"4 km E of Scotts Mills, Oregon",Very Close (<100 km)
S000007,44.124286,-122.468282,stream,McKenzie River,23772909.0,United States,Minikits,PNNL_River_Sampling,101.88,uw10306313,5.6,19.608,Shallow,1993.0,"4 km E of Scotts Mills, Oregon",Moderate (100-500 km)
S000008,35.091,-106.683,stream,Rio Grande,17819068.0,United States,Minikits,PNNL_River_Sampling,171.92,usp0000e9z,5.0,25.0,Shallow,1976.0,"25 km NW of Crownpoint, New Mexico",Moderate (100-500 km)
S000009,46.254,-119.473454,stream,Yakima,947030105.0,United States,Minikits,PNNL_River_Sampling,84.2,iscgem903747,5.99,10.0,Shallow,1936.0,"3 km SW of Garrett, Washington",Very Close (<100 km)
S000010,46.54,-120.48,stream,Ahtanum Creek,17000000000000.0,United States,Minikits,PNNL_River_Sampling,69.94,uw10106318,5.0,2.136,Shallow,1981.0,"23 km ESE of Packwood, Washington",Very Close (<100 km)
S000011,35.999387,-84.298959,stream,East Fork Poplar Creek,22124902.0,United States,Minikits,PNNL_River_Sampling,243.81,se60079,5.2,8.0,Shallow,1980.0,"3 km SSE of Sharpsburg, Kentucky",Moderate (100-500 km)
S000012,36.001921,-84.249506,stream,East Fork Poplar Creek,22124290.0,United States,Minikits,PNNL_River_Sampling,242.95,se60079,5.2,8.0,Shallow,1980.0,"3 km SSE of Sharpsburg, Kentucky",Moderate (100-500 km)
S000013,35.966354,-84.357576,stream,East Fork Poplar Creek,22125640.0,United States,Minikits,PNNL_River_Sampling,248.23,se60079,5.2,8.0,Shallow,1980.0,"3 km SSE of Sharpsburg, Kentucky",Moderate (100-500 km)
S000014,30.245112,-97.695781,stream,Lower Colorado River,5781919.0,United States,Minikits,PNNL_River_Sampling,396.81,tx2024ophu,5.1,3.2959,Shallow,2024.0,"17 km NNE of Hermleigh, Texas",Moderate (100-500 km)
S000017,46.90567,-123.98005,stream,Beaver Creek,23861269.0,United States,Minikits,PNNL_River_Sampling,43.41,uw10474303,5.8,40.014,Shallow,1999.0,"8 km N of Satsop, Washington",Very Close (<100 km)
S000019,46.90567,-123.98005,stream,Beaver Creek,23861269.0,United States,Minikits,PNNL_River_Sampling,43.41,uw10474303,5.8,40.014,Shallow,1999.0,"8 km N of Satsop, Washington",Very Close (<100 km)
S000022,38.509976,-122.883578,stream,Russian River,8272693.0,United States,Minikits,PNNL_River_Sampling,22.68,iscgem803001,5.26,15.0,Shallow,1969.0,"3 km E of Bloomfield, California",Very Close (<100 km)
S000023,38.494121,-122.85312,stream,Mark West Creek,8273161.0,United States,Minikits,PNNL_River_Sampling,20.32,iscgem803001,5.26,15.0,Shallow,1969.0,"3 km E of Bloomfield, California",Very Close (<100 km)
S000026,41.733333,-88.333556,stream,Fox River,14762989.0,United States,Minikits,PNNL_River_Sampling,337.75,nm603116,5.2,4.6,Shallow,1987.0,"2 km ESE of Claremont, Illinois",Moderate (100-500 km)
S000030,38.922791,-106.949624,stream,East River,1332754.0,United States,Minikits,PNNL_River_Sampling,89.38,ushis2466,5.5,49.0,Shallow,1960.0,"15 km E of Colona, Colorado",Very Close (<100 km)
S000032,38.957586,-106.987644,stream,Copper Creek,1332672.0,United States,Minikits,PNNL_River_Sampling,90.42,ushis2466,5.5,49.0,Shallow,1960.0,"15 km E of Colona, Colorado",Very Close (<100 km)
S000035,39.99883,-83.023911,stream,Olentangy,5218153.0,United States,Minikits,PNNL_River_Sampling,118.8,ushis1166,5.4,3.0,Shallow,1937.0,"3 km NNW of Kettlersville, Ohio",Moderate (100-500 km)
S000036,41.38247,-82.514685,stream,Old Woman Creek,15604070.0,United States,Minikits,PNNL_River_Sampling,116.48,usp0002qkz,5.0,10.0,Shallow,1986.0,"4 km NNW of Chardon, Ohio",Moderate (100-500 km)
S000044,46.37,-119.27,stream,Columbia River,24415028.0,United States,Minikits,PNNL_River_Sampling,74.9,iscgem903747,5.99,10.0,Shallow,1936.0,"3 km SW of Garrett, Washington",Very Close (<100 km)
S000045,46.373014,-119.272266,stream,Columbia River,24415028.0,United States,Minikits,PNNL_River_Sampling,75.22,iscgem903747,5.99,10.0,Shallow,1936.0,"3 km SW of Garrett, Washington",Very Close (<100 km)
S000051,35.1946592,-106.6429675,stream,Rio Grande,17819088.0,United States,Minikits,PNNL_River_Sampling,169.79,usp0000e9z,5.0,25.0,Shallow,1976.0,"25 km NW of Crownpoint, New Mexico",Moderate (100-500 km)
S000052,35.7783973,-106.6895806,stream,Jemez River,17826456.0,United States,Minikits,PNNL_River_Sampling,134.6,iscgem851116,5.13,10.0,Shallow,1966.0,"4 km NNW of Lumberton, New Mexico",Moderate (100-500 km)
S000054,46.373104,-119.272205,stream,Columbia River,24415028.0,United States,Minikits,PNNL_River_Sampling,75.22,iscgem903747,5.99,10.0,Shallow,1936.0,"3 km SW of Garrett, Washington",Very Close (<100 km)
S000055,46.373073,-119.272254,stream,Columbia River,24415028.0,United States,Minikits,PNNL_River_Sampling,75.22,iscgem903747,5.99,10.0,Shallow,1936.0,"3 km SW of Garrett, Washington",Very Close (<100 km)
S000056,46.347558,-119.280801,stream,Columbia River,24415128.0,United States,Minikits,PNNL_River_Sampling,74.42,iscgem903747,5.99,10.0,Shallow,1936.0,"3 km SW of Garrett, Washington",Very Close (<100 km)
S000059,39.238368,-84.711626,stream,Great Miami River,3886082.0,United States,Minikits,PNNL_River_Sampling,134.0,se601214,5.0,10.0,Shallow,1980.0,"2 km SW of Sharpsburg, Kentucky",Moderate (100-500 km)
S000060,46.372781,-119.271912,stream,Columbia River,24415028.0,United States,Minikits,PNNL_River_Sampling,75.18,iscgem903747,5.99,10.0,Shallow,1936.0,"3 km SW of Garrett, Washington",Very Close (<100 km)
S000061,60.532685,-145.380946,stream,Tributary to the Sheridan Glacier River,-9999.0,United States,Minikits,PNNL_River_Sampling,4.83,iscgemsup865745,5.24,21.4,Shallow,1964.0,"16 km E of Cordova, Alaska",Very Close (<100 km)
S000062,60.516477,-144.862757,stream,Copper River,-9999.0,United States,Minikits,PNNL_River_Sampling,31.02,iscgem869891,5.35,15.0,Shallow,1964.0,"75 km E of Cordova, Alaska",Very Close (<100 km)
S000063,46.372979,-119.272181,stream,Columbia River,24415028.0,United States,Minikits,PNNL_River_Sampling,75.21,iscgem903747,5.99,10.0,Shallow,1936.0,"3 km SW of Garrett, Washington",Very Close (<100 km)
S000065,69.12972222,-104.9944444,stream,Freshwater Creek,-9999.0,Canada,Minikits,PNNL_River_Sampling,350.03,usp00011jz,5.1,18.0,Shallow,1979.0,"154 km N of Gjoa Haven, Canada",Moderate (100-500 km)
S000073,46.359512,-119.271805,stream,Columbia River,24415028.0,United States,Minikits,PNNL_River_Sampling,74.45,iscgem903747,5.99,10.0,Shallow,1936.0,"3 km SW of Garrett, Washington",Very Close (<100 km)
S000084,46.50219021,-119.2606988,stream,Columbia River,17000000000000.0,United States,Minikits,PNNL_River_Sampling,82.66,iscgem903747,5.99,10.0,Shallow,1936.0,"3 km SW of Garrett, Washington",Very Close (<100 km)
S000085,46.587056,-119.368194,stream,Columbia River,947020557.0,United States,Minikits,PNNL_River_Sampling,95.01,iscgem903747,5.99,10.0,Shallow,1936.0,"3 km SW of Garrett, Washington",Very Close (<100 km)
S000086,-36.554713,147.405241,stream,Snowy Creek,-9999.0,Australia,Minikits,PNNL_River_Sampling,139.93,us7000fd9v,5.9,12.0,Shallow,2021.0,"39 km S of Mount Buller, Australia",Moderate (100-500 km)
S000087,-35.47952,144.830925,stream,Wakool River,-9999.0,Australia,Minikits,PNNL_River_Sampling,261.91,us7000fd9v,5.9,12.0,Shallow,2021.0,"39 km S of Mount Buller, Australia",Moderate (100-500 km)
S000098,37.0449,-122.0714,stream,San Lorenzo River,17682474.0,United States,Minikits,PNNL_River_Sampling,12.52,ushis752,5.5,33.0,Shallow,1926.0,"1 km WNW of Davenport, California",Very Close (<100 km)
S000110,38.957586,-106.987644,stream,Copper Creek,1332672.0,United States,Minikits,PNNL_River_Sampling,90.42,ushis2466,5.5,49.0,Shallow,1960.0,"15 km E of Colona, Colorado",Very Close (<100 km)
S000112,38.922889,-106.949556,stream,East River,1332754.0,United States,Minikits,PNNL_River_Sampling,89.39,ushis2466,5.5,49.0,Shallow,1960.0,"15 km E of Colona, Colorado",Very Close (<100 km)
S000125,35.193491,-106.643465,stream,Rio Grande,17819088.0,United States,Minikits,PNNL_River_Sampling,169.81,usp0000e9z,5.0,25.0,Shallow,1976.0,"25 km NW of Crownpoint, New Mexico",Moderate (100-500 km)
S000126,35.827687,-106.643643,stream,East Fork Jemez River,17826372.0,United States,Minikits,PNNL_River_Sampling,130.02,iscgem851116,5.13,10.0,Shallow,1966.0,"4 km NNW of Lumberton, New Mexico",Moderate (100-500 km)
S000127,34.949722,-106.681195,stream,Rio Grande,17808622.0,United States,Minikits,PNNL_River_Sampling,180.34,usp0000e9z,5.0,25.0,Shallow,1976.0,"25 km NW of Crownpoint, New Mexico",Moderate (100-500 km)
S000128,35.847429,-106.491267,stream,East Fork Jemez River,17826274.0,United States,Minikits,PNNL_River_Sampling,131.51,iscgem851116,5.13,10.0,Shallow,1966.0,"4 km NNW of Lumberton, New Mexico",Moderate (100-500 km)
S000129,35.668419,-106.743579,stream,Jemez River,17826716.0,United States,Minikits,PNNL_River_Sampling,145.46,usp0000e9z,5.0,25.0,Shallow,1976.0,"25 km NW of Crownpoint, New Mexico",Moderate (100-500 km)
S000130,35.778372,-106.689537,stream,Jemez River,17826456.0,United States,Minikits,PNNL_River_Sampling,134.6,iscgem851116,5.13,10.0,Shallow,1966.0,"4 km NNW of Lumberton, New Mexico",Moderate (100-500 km)
S000132,47.3965,-121.3812,stream,Gold Creek,24126189.0,United States,Minikits,PNNL_River_Sampling,54.94,uw10389973,5.4,3.825,Shallow,1996.0,"8 km NNE of Lake Marcel-Stillwater, Washington",Very Close (<100 km)
S000134,46.41963,-120.3332,stream,Yakima River,23099786.0,United States,Minikits,PNNL_River_Sampling,82.08,uw10106318,5.0,2.136,Shallow,1981.0,"23 km ESE of Packwood, Washington",Very Close (<100 km)
S000140,35.609161,-82.5780199,stream,French Broad River,22162094.0,United States,Minikits,PNNL_River_Sampling,165.04,se60324281,5.1,4.14,Shallow,2020.0,"4 km SE of Sparta, North Carolina",Moderate (100-500 km)
S000141,35.9614998,-83.1734237,stream,Pigeon,22150581.0,United States,Minikits,PNNL_River_Sampling,195.7,se60324281,5.1,4.14,Shallow,2020.0,"4 km SE of Sparta, North Carolina",Moderate (100-500 km)
S000142,34.9729394,-90.8852547,stream,L' Anguille,22865239.0,United States,Minikits,PNNL_River_Sampling,399.75,iscgem814965,5.26,15.7,Shallow,1968.0,"5 km SSW of Norris City, Illinois",Moderate (100-500 km)
S000143,36.1849251,-85.9063167,stream,Caney Fork,18421703.0,United States,Minikits,PNNL_River_Sampling,282.37,se601214,5.0,10.0,Shallow,1980.0,"2 km SW of Sharpsburg, Kentucky",Moderate (100-500 km)
S000144,40.108128,-83.034656,stream,Olentangy,5215055.0,United States,Minikits,PNNL_River_Sampling,113.03,ushis1166,5.4,3.0,Shallow,1937.0,"3 km NNW of Kettlersville, Ohio",Moderate (100-500 km)
S000145,40.096636,-83.110276,stream,Scioto River,5215671.0,United States,Minikits,PNNL_River_Sampling,107.56,ushis1166,5.4,3.0,Shallow,1937.0,"3 km NNW of Kettlersville, Ohio",Moderate (100-500 km)
S000148,35.5684757,-82.5451142,stream,Swannanoa,22161688.0,United States,Minikits,PNNL_River_Sampling,165.39,se60324281,5.1,4.14,Shallow,2020.0,"4 km SE of Sparta, North Carolina",Moderate (100-500 km)
S000155,46.732372,-117.1808777,stream,South Fork Palouse River,23459939.0,United States,Minikits,PNNL_River_Sampling,123.48,iscgem903747,5.99,10.0,Shallow,1936.0,"3 km SW of Garrett, Washington",Moderate (100-500 km)
S000156,46.7323325,-117.1808314,stream,South Fork Palouse River,23459939.0,United States,Minikits,PNNL_River_Sampling,123.48,iscgem903747,5.99,10.0,Shallow,1936.0,"3 km SW of Garrett, Washington",Moderate (100-500 km)
S000157,46.732345,-117.18081,stream,South Fork Palouse River,23459939.0,United States,Minikits,PNNL_River_Sampling,123.48,iscgem903747,5.99,10.0,Shallow,1936.0,"3 km SW of Garrett, Washington",Moderate (100-500 km)
S000166,38.863608,-107.03354,stream,Coal Creek,1332234.0,United States,Minikits,PNNL_River_Sampling,79.7,ushis2466,5.5,49.0,Shallow,1960.0,"15 km E of Colona, Colorado",Very Close (<100 km)
S000173,68.28346,-149.37181,stream,Trevor Creek,-9999.0,United States,Minikits,PNNL_River_Sampling,69.83,ak003apq3l1r,5.4,20.7,Shallow,2003.0,"119 km WNW of Arctic Village, Alaska",Very Close (<100 km)
S000174,68.64316,-149.40315,stream,Kuparak,-9999.0,United States,Minikits,PNNL_River_Sampling,55.31,ak003apq3l1r,5.4,20.7,Shallow,2003.0,"119 km WNW of Arctic Village, Alaska",Very Close (<100 km)
S000175,68.686,-149.09898,stream,Oksrukuyik,-9999.0,United States,Minikits,PNNL_River_Sampling,42.84,ak003apq3l1r,5.4,20.7,Shallow,2003.0,"119 km WNW of Arctic Village, Alaska",Very Close (<100 km)
S000188,-29.50064,30.2206,stream,Mzimvubu River,-9999.0,South Africa,Minikits,PNNL_River_Sampling,184.15,usp0002yqa,5.4,5.0,Shallow,1986.0,"47 km S of Qacha’s Nek, Lesotho",Moderate (100-500 km)
S000189,-30.85071,29.06927,stream,Tsomo River,-9999.0,South Africa,Minikits,PNNL_River_Sampling,46.45,usp0002yqa,5.4,5.0,Shallow,1986.0,"47 km S of Qacha’s Nek, Lesotho",Very Close (<100 km)
S000191,-24.028378,30.168665,stream,Thabina River,-9999.0,South Africa,Minikits,PNNL_River_Sampling,195.94,usp0000390,5.2,33.0,Shallow,1973.0,"56 km ESE of Mathathane, Botswana",Moderate (100-500 km)
S000192,-29.49912,30.22189,stream,Umgeni,-9999.0,South Africa,Minikits,PNNL_River_Sampling,184.35,usp0002yqa,5.4,5.0,Shallow,1986.0,"47 km S of Qacha’s Nek, Lesotho",Moderate (100-500 km)
S000251,27.7,85.3,stream,Bishnumati,-9999.0,Nepal,Minikits,PNNL_River_Sampling,10.24,us20002bf3,5.0,10.0,Shallow,2015.0,"7 km W of Kirtipur, Nepal",Very Close (<100 km)
S000252,27.667,85.167,stream,Bagmati,-9999.0,Nepal,Minikits,PNNL_River_Sampling,3.38,us20002bf3,5.0,10.0,Shallow,2015.0,"7 km W of Kirtipur, Nepal",Very Close (<100 km)
S01,46.976,-121.1579,stream,American River,24422913.0,United States,SSS,PNNL_River_Sampling,53.24,uw10106318,5.0,2.136,Shallow,1981.0,"23 km ESE of Packwood, Washington",Very Close (<100 km)
S02,46.9754,-121.158,stream,Bumping River,24422975.0,United States,SSS,PNNL_River_Sampling,53.18,uw10106318,5.0,2.136,Shallow,1981.0,"23 km ESE of Packwood, Washington",Very Close (<100 km)
S03,47.0195,-121.1285,stream,Quartz Creek,24423897.0,United States,SSS,PNNL_River_Sampling,58.55,uw10106318,5.0,2.136,Shallow,1981.0,"23 km ESE of Packwood, Washington",Very Close (<100 km)
S04,46.8099,-121.0672,stream,North Fork Rattlesnake Creek,24423139.0,United States,SSS,PNNL_River_Sampling,40.29,uw10106318,5.0,2.136,Shallow,1981.0,"23 km ESE of Packwood, Washington",Very Close (<100 km)
S08,47.0171,-121.1357,stream,Little Naches River,24422831.0,United States,SSS,PNNL_River_Sampling,58.11,uw10106318,5.0,2.136,Shallow,1981.0,"23 km ESE of Packwood, Washington",Very Close (<100 km)
S10,46.8095,-121.0675,stream,Rattlesnake Creek,24423157.0,United States,SSS,PNNL_River_Sampling,40.24,uw10106318,5.0,2.136,Shallow,1981.0,"23 km ESE of Packwood, Washington",Very Close (<100 km)
S11,46.9006,-121.2466,stream,Bumping River,24422999.0,United States,SSS,PNNL_River_Sampling,43.21,uw10106318,5.0,2.136,Shallow,1981.0,"23 km ESE of Packwood, Washington",Very Close (<100 km)
S12,47.05638,-121.26788,stream,South Fork Little Naches River,24422871.0,United States,Unknown,PNNL_River_Sampling,59.83,uw10106318,5.0,2.136,Shallow,1981.0,"23 km ESE of Packwood, Washington",Very Close (<100 km)
S13R,47.420551,-121.086972,stream,Cle Elum River,24125883.0,United States,SPS,PNNL_River_Sampling,70.23,uw10389973,5.4,3.825,Shallow,1996.0,"8 km NNE of Lake Marcel-Stillwater, Washington",Very Close (<100 km)
S14,47.41986,-121.087854,stream,Waptus River,24125945.0,United States,SPS,PNNL_River_Sampling,70.22,uw10389973,5.4,3.825,Shallow,1996.0,"8 km NNE of Lake Marcel-Stillwater, Washington",Very Close (<100 km)
S15,47.363498,-121.106919,stream,Thorp Creek,24126041.0,United States,SPS,PNNL_River_Sampling,72.68,uw10389973,5.4,3.825,Shallow,1996.0,"8 km NNE of Lake Marcel-Stillwater, Washington",Very Close (<100 km)
S16,47.42067,-121.14629,stream,Cooper River,24126011.0,United States,Unknown,PNNL_River_Sampling,66.52,uw10389973,5.4,3.825,Shallow,1996.0,"8 km NNE of Lake Marcel-Stillwater, Washington",Very Close (<100 km)
S17,47.39473,-121.10328,stream,Cooper River,24125999.0,United States,Unknown,PNNL_River_Sampling,70.83,uw10389973,5.4,3.825,Shallow,1996.0,"8 km NNE of Lake Marcel-Stillwater, Washington",Very Close (<100 km)
S17R,47.394429,-121.10174,stream,Cooper River,24125999.0,United States,SPS,PNNL_River_Sampling,70.94,uw10389973,5.4,3.825,Shallow,1996.0,"8 km NNE of Lake Marcel-Stillwater, Washington",Very Close (<100 km)
S18,47.39479,-121.09626,stream,Cle Elum River,24125873.0,United States,Unknown,PNNL_River_Sampling,71.26,uw10389973,5.4,3.825,Shallow,1996.0,"8 km NNE of Lake Marcel-Stillwater, Washington",Very Close (<100 km)
S18R,47.39603,-121.096933,stream,Cle Elum River,24125873.0,United States,SPS,PNNL_River_Sampling,71.14,uw10389973,5.4,3.825,Shallow,1996.0,"8 km NNE of Lake Marcel-Stillwater, Washington",Very Close (<100 km)
S19,47.258225,-120.904118,stream,West Fork Teanaway River,24125729.0,United States,SPS,PNNL_River_Sampling,89.59,uw10106318,5.0,2.136,Shallow,1981.0,"23 km ESE of Packwood, Washington",Very Close (<100 km)
S19E,47.255067,-120.878922,stream,North Fork Teanaway River,24125633.0,United States,SPS,PNNL_River_Sampling,90.09,uw10106318,5.0,2.136,Shallow,1981.0,"23 km ESE of Packwood, Washington",Very Close (<100 km)
S19S_0001,49.38609,-121.45047,stream,Fraser,-9999.0,Canada,S19S,PNNL_River_Sampling,79.31,uw10257663,5.0,11.861,Shallow,1990.0,"4 km ENE of Deming, Washington",Very Close (<100 km)
S19S_0003,50.6888,-120.36647,stream,Thompson,-9999.0,Canada,S19S,PNNL_River_Sampling,242.13,uw10257663,5.0,11.861,Shallow,1990.0,"4 km ENE of Deming, Washington",Moderate (100-500 km)
S19S_0004,50.7751,-119.72196,stream,South Thompson,-9999.0,Canada,S19S,PNNL_River_Sampling,276.88,uw10257663,5.0,11.861,Shallow,1990.0,"4 km ENE of Deming, Washington",Moderate (100-500 km)
S19S_0005,49.86887,-97.40781,stream,Assiniboine,-9999.0,Canada,S19S,PNNL_River_Sampling,834.54,ushis2657,5.1,30.0,Shallow,1964.0,"11 km NW of Merriman, Nebraska",Distant (>500 km)
S19S_0006,39.311369,-76.717163,stream,Dead Run,11689186.0,United States,S19S,PNNL_River_Sampling,188.45,se609212,5.8,6.0,Shallow,2011.0,"11 km SSW of Mineral, Virginia",Moderate (100-500 km)
S19S_0007,37.05255,-119.195598,stream,Providence Creek / KREW's P304 creek,-9999.0,United States,S19S,PNNL_River_Sampling,59.23,nc1053105,5.7,2.063,Shallow,1980.0,"14 km WSW of Aspen Springs, California",Very Close (<100 km)
S19S_0008,36.961112,-119.027785,stream,Teakettle T003 stream,22050323.0,United States,S19S,PNNL_River_Sampling,63.42,nc1053177,6.2,13.795,Shallow,1980.0,"9 km SW of Aspen Springs, California",Very Close (<100 km)
S19S_0009,42.9877,-108.3983,stream,Little Wind River,12890609.0,United States,S19S,PNNL_River_Sampling,66.32,usp00028rr,5.0,5.0,Shallow,1984.0,"10 km W of Atlantic City, Wyoming",Very Close (<100 km)
S19S_0010,31.667875,-81.840062,stream,Altamaha,14347322.0,United States,S19S,PNNL_River_Sampling,538.94,se60324281,5.1,4.14,Shallow,2020.0,"4 km SE of Sparta, North Carolina",Distant (>500 km)
S19S_0011,33.955686,-83.437674,stream,Middle Oconee,1049671.0,United States,S19S,PNNL_River_Sampling,352.19,se60324281,5.1,4.14,Shallow,2020.0,"4 km SE of Sparta, North Carolina",Moderate (100-500 km)
S19S_0012,42.47179,-72.33027,stream,Hop Brook,7690025.0,United States,S19S,PNNL_River_Sampling,174.08,ushis1343,5.26,10.0,Shallow,1940.0,"8 km W of Tamworth, New Hampshire",Moderate (100-500 km)
S19S_0013,38.8952,-78.1476,stream,Posey Creek,-9999.0,United States,S19S,PNNL_River_Sampling,111.12,se609212,5.8,6.0,Shallow,2011.0,"11 km SSW of Mineral, Virginia",Moderate (100-500 km)
S19S_0014,39.0941,-77.9808,stream,Lewis Run,8444872.0,United States,S19S,PNNL_River_Sampling,131.76,se609212,5.8,6.0,Shallow,2011.0,"11 km SSW of Mineral, Virginia",Moderate (100-500 km)
S19S_0015,31.184396,-84.439009,stream,Flint River,3424530.0,United States,S19S,PNNL_River_Sampling,580.74,usp000esv9,5.9,14.0,Shallow,2006.0,Gulf of America,Distant (>500 km)
S19S_0016,39.10445,-96.6025,stream,King's Creek,18841314.0,United States,S19S,PNNL_River_Sampling,299.31,us10006jxs,5.8,5.557,Shallow,2016.0,"14 km NW of Pawnee, Oklahoma",Moderate (100-500 km)
S19S_0017,38.94668,-96.44355,stream,McDiffett Creek,3649284.0,United States,S19S,PNNL_River_Sampling,283.62,us10006jxs,5.8,5.557,Shallow,2016.0,"14 km NW of Pawnee, Oklahoma",Moderate (100-500 km)
S19S_0018,35.6922935,-83.504941,stream,LeConte Creek,22144520.0,United States,S19S,PNNL_River_Sampling,234.07,se60324281,5.1,4.14,Shallow,2020.0,"4 km SE of Sparta, North Carolina",Moderate (100-500 km)
S19S_0019,35.9563807,-84.278999,stream,Walker Branch,22125024.0,United States,S19S,PNNL_River_Sampling,248.31,se60079,5.2,8.0,Shallow,1980.0,"3 km SSE of Sharpsburg, Kentucky",Moderate (100-500 km)
S19S_0020,31.85294,-88.15755,stream,Tombigbee River,18548456.0,United States,S19S,PNNL_River_Sampling,489.35,usp000e9v9,5.3,5.0,Shallow,2006.0,"157 km S of Grand Isle, Louisiana",Moderate (100-500 km)
S19S_0021,32.54069,-87.79835,stream,Black Warrior,18211220.0,United States,S19S,PNNL_River_Sampling,572.95,usp000e9v9,5.3,5.0,Shallow,2006.0,"157 km S of Grand Isle, Louisiana",Distant (>500 km)
S19S_0022,32.96161,-87.40811,stream,Mayfield Creek,18208464.0,United States,S19S,PNNL_River_Sampling,559.97,iscgem814965,5.26,15.7,Shallow,1968.0,"5 km SSW of Norris City, Illinois",Distant (>500 km)
S19S_0023,39.75841,-102.44896,stream,Arikaree River,11722717.0,United States,S19S,PNNL_River_Sampling,190.1,iscgem832092,5.47,10.0,Shallow,1967.0,"7 km SE of Lochbuie, Colorado",Moderate (100-500 km)
S19S_0024,34.44205,-96.6227,stream,Blue River,698676.0,United States,S19S,PNNL_River_Sampling,122.13,ok2024cish,5.06,3.0,Shallow,2024.0,"8 km NW of Prague, Oklahoma",Moderate (100-500 km)
S19S_0025,33.37853,-97.78275,stream,Pringle Creek,1306285.0,United States,S19S,PNNL_River_Sampling,257.27,ok2024cish,5.06,3.0,Shallow,2024.0,"8 km NW of Prague, Oklahoma",Moderate (100-500 km)
S19S_0026,40.03489,-105.54327,stream,Como Creek,2889452.0,United States,S19S,PNNL_River_Sampling,59.44,ushis2979,5.2,5.0,Shallow,1967.0,"4 km NE of Derby, Colorado",Very Close (<100 km)
S19S_0027,39.89064,-105.91125,stream,West St. Louis Creek,1239639.0,United States,S19S,PNNL_River_Sampling,88.03,ushis2979,5.2,5.0,Shallow,1967.0,"4 km NE of Derby, Colorado",Very Close (<100 km)
S19S_0028,33.750675,-111.507871,stream,Sycamore Creek,20440650.0,United States,S19S,PNNL_River_Sampling,118.08,usp000dhc3,5.1,5.0,Shallow,2005.0,"40 km SSW of Winslow West, Arizona",Moderate (100-500 km)
S19S_0029,40.78319,-111.80126,stream,Red Butte Creek,10389356.0,United States,S19S,PNNL_River_Sampling,23.61,uu60363602,5.7,11.9,Shallow,2020.0,"5 km NNE of Magna, Utah",Very Close (<100 km)
S19S_0030,45.792348,-121.929131,stream,Martha Creek,24505800.0,United States,S19S,PNNL_River_Sampling,29.67,ushis2517,5.1,7.0,Shallow,1961.0,"28 km ENE of Amboy, Washington",Very Close (<100 km)
S19S_0031,44.2602628,-122.1650676,stream,McRae Creek,23773423.0,United States,S19S,PNNL_River_Sampling,92.97,uw10306313,5.6,19.608,Shallow,1993.0,"4 km E of Scotts Mills, Oregon",Very Close (<100 km)
S19S_0032,39.95545,-119.02313,stream,Teakettle 2 Creek,11323962.0,United States,S19S,PNNL_River_Sampling,50.19,iscgem891016,5.8,15.0,Shallow,1954.0,"40 km S of Lovelock, Nevada",Very Close (<100 km)
S19S_0033,37.0576,-119.2554,stream,Big Creek,22048111.0,United States,S19S,PNNL_River_Sampling,61.46,nc1053105,5.7,2.063,Shallow,1980.0,"14 km WSW of Aspen Springs, California",Very Close (<100 km)
S19S_0034,35.8677,-106.5233,stream,La Jara,17827558.0,United States,S19S,PNNL_River_Sampling,128.49,iscgem851116,5.13,10.0,Shallow,1966.0,"4 km NNW of Lumberton, New Mexico",Moderate (100-500 km)
S19S_0035,32.42735,-110.757838,stream,Marshall Gulch,-9999.0,United States,S19S,PNNL_River_Sampling,150.06,usc000rnfe,5.3,6.44,Shallow,2014.0,"13 km SW of Franklin, Arizona",Moderate (100-500 km)
S19S_0036,46.372515,-119.271902,stream,Columbia,24415028.0,United States,S19S,PNNL_River_Sampling,75.17,iscgem903747,5.99,10.0,Shallow,1936.0,"3 km SW of Garrett, Washington",Very Close (<100 km)
S19S_0037,39.8577967,-75.7830393,stream,White Clay Creek,4650944.0,United States,S19S,PNNL_River_Sampling,285.75,se609212,5.8,6.0,Shallow,2011.0,"11 km SSW of Mineral, Virginia",Moderate (100-500 km)
S19S_0038,39.8594333,-75.7839486,stream,White Clay Creek,4650944.0,United States,S19S,PNNL_River_Sampling,285.83,se609212,5.8,6.0,Shallow,2011.0,"11 km SSW of Mineral, Virginia",Moderate (100-500 km)
S19S_0039,35.966194,-84.359197,stream,East Fork Poplar Creek,22125640.0,United States,S19S,PNNL_River_Sampling,248.27,se60079,5.2,8.0,Shallow,1980.0,"3 km SSE of Sharpsburg, Kentucky",Moderate (100-500 km)
S19S_0040,39.087889,-96.584725,stream,Kings Creek (N04D),18841358.0,United States,S19S,PNNL_River_Sampling,297.63,us10006jxs,5.8,5.557,Shallow,2016.0,"14 km NW of Pawnee, Oklahoma",Moderate (100-500 km)
S19S_0041,44.299994,-120.858196,stream,Crooked River,23713956.0,United States,S19S,PNNL_River_Sampling,160.61,uw10306313,5.6,19.608,Shallow,1993.0,"4 km E of Scotts Mills, Oregon",Moderate (100-500 km)
S19S_0042,25.40976,-80.96434,stream,Shark River Slough,90060.0,United States,S19S,PNNL_River_Sampling,248.89,usc000lzju,5.0,10.0,Shallow,2014.0,"26 km NNW of Corralillo, Cuba",Moderate (100-500 km)
S19S_0043,43.14501,-89.472992,stream,Dorn Creek,13294176.0,United States,S19S,PNNL_River_Sampling,509.45,nm603116,5.2,4.6,Shallow,1987.0,"2 km ESE of Claremont, Illinois",Distant (>500 km)
S19S_0044,33.131027,-79.811134,stream,Huger Creek,9643259.0,United States,S19S,PNNL_River_Sampling,389.56,se60324281,5.1,4.14,Shallow,2020.0,"4 km SE of Sparta, North Carolina",Moderate (100-500 km)
S19S_0045,52.475193,13.631299,stream,Erpe River sidechannel,-9999.0,Germany,S19S,PNNL_River_Sampling,186.89,usp0001xcb,5.8,10.0,Shallow,1983.0,"7 km WSW of G?ogów, Poland",Moderate (100-500 km)
S19S_0046,61.67559,7.21246,stream,Nigardsbreen River,-9999.0,Norway,S19S,PNNL_River_Sampling,145.46,usp0003r56,5.2,32.7,Shallow,1989.0,"32 km W of Måløy, Norway",Moderate (100-500 km)
S19S_0047,68.64278,-149.40333,stream,Kuparuk River,-9999.0,United States,S19S,PNNL_River_Sampling,55.32,ak003apq3l1r,5.4,20.7,Shallow,2003.0,"119 km WNW of Arctic Village, Alaska",Very Close (<100 km)
S19S_0048,18.10996,-66.98618,stream,Rio Cupeyes,-9999.0,United States,S19S,PNNL_River_Sampling,20.87,pr2020025008,5.0,13.0,Shallow,2020.0,"1 km N of Indios, Puerto Rico",Very Close (<100 km)
S19S_0049,18.17443,-66.80038,stream,Rio Guilarte,-9999.0,United States,S19S,PNNL_River_Sampling,17.11,pr2020007010,5.6,9.0,Shallow,2020.0,"0 km NW of Magas Arriba, Puerto Rico",Very Close (<100 km)
S19S_0050,68.66953,-149.14198,stream,Oksrukuyik Creek,-9999.0,United States,S19S,PNNL_River_Sampling,44.59,ak003apq3l1r,5.4,20.7,Shallow,2003.0,"119 km WNW of Arctic Village, Alaska",Very Close (<100 km)
S19S_0051,65.1531,-147.50267,stream,Caribou Creek,-9999.0,United States,S19S,PNNL_River_Sampling,26.83,iscgem792873,5.28,19.6,Shallow,1970.0,"6 km NW of Farmers Loop, Alaska",Very Close (<100 km)
S19S_0052,42.13187,-74.69563,stream,Platte Kill,1748723.0,United States,S19S,PNNL_River_Sampling,203.96,usp0001yuv,5.1,12.5,Shallow,1983.0,"8 km WSW of Newcomb, New York",Moderate (100-500 km)
S19S_0053,41.869567,-73.00222222,stream,Farmington,6109169.0,United States,S19S,PNNL_River_Sampling,251.71,usp0001yuv,5.1,12.5,Shallow,1983.0,"8 km WSW of Newcomb, New York",Moderate (100-500 km)
S19S_0054,37.57261,-77.0237,stream,Pamunkey River,8508050.0,United States,S19S,PNNL_River_Sampling,88.57,se609212,5.8,6.0,Shallow,2011.0,"11 km SSW of Mineral, Virginia",Very Close (<100 km)
S19S_0055,46.732428,-117.180863,stream,South Fork Polouse,23459937.0,United States,S19S,PNNL_River_Sampling,123.49,iscgem903747,5.99,10.0,Shallow,1936.0,"3 km SW of Garrett, Washington",Moderate (100-500 km)
S19S_0056,35.1632,128.9646,stream,Nakdong,-9999.0,South Korea,S19S,PNNL_River_Sampling,72.35,us10006p1f,5.4,13.0,Shallow,2016.0,"6km S of Gyeongju, South Korea",Very Close (<100 km)
S19S_0057,33.337475,-81.718207,stream,Tims Branch,22722273.0,United States,S19S,PNNL_River_Sampling,353.52,se60324281,5.1,4.14,Shallow,2020.0,"4 km SE of Sparta, North Carolina",Moderate (100-500 km)
S19S_0058,32.89919667,35.6136003,stream,Jordan River,-9999.0,Israel,S19S,PNNL_River_Sampling,51.72,usp00026p8,5.3,24.3,Shallow,1984.0,"1 km SSW of Rekhasim, Israel",Very Close (<100 km)
S19S_0059,48.16874998,-117.3915976,stream,Heel Creek tributary,23027050.0,United States,S19S,PNNL_River_Sampling,250.33,iscgem903747,5.99,10.0,Shallow,1936.0,"3 km SW of Garrett, Washington",Moderate (100-500 km)
S19S_0060,46.2531882,-119.4768203,stream,Yakima River,947030106.0,United States,S19S,PNNL_River_Sampling,84.42,iscgem903747,5.99,10.0,Shallow,1936.0,"3 km SW of Garrett, Washington",Very Close (<100 km)
S19S_0061,43.1095,-89.6407,stream,Black Earth Creek,13633173.0,United States,S19S,PNNL_River_Sampling,509.38,nm603116,5.2,4.6,Shallow,1987.0,"2 km ESE of Claremont, Illinois",Distant (>500 km)
S19S_0062,38.544583,-106.950417,stream,Gunnison River,3252637.0,United States,S19S,PNNL_River_Sampling,62.78,ushis2466,5.5,49.0,Shallow,1960.0,"15 km E of Colona, Colorado",Very Close (<100 km)
S19S_0063,30.250335,-97.709399,stream,Lower Colorado,5781919.0,United States,S19S,PNNL_River_Sampling,395.48,tx2024ophu,5.1,3.2959,Shallow,2024.0,"17 km NNE of Hermleigh, Texas",Moderate (100-500 km)
S19S_0064,40.61043,-78.00803,stream,Shavers Creek,4682628.0,United States,S19S,PNNL_River_Sampling,288.32,usp0002qkz,5.0,10.0,Shallow,1986.0,"4 km NNW of Chardon, Ohio",Moderate (100-500 km)
S19S_0065,38.509458,-122.888357,stream,Russian River,8272693.0,United States,S19S,PNNL_River_Sampling,22.75,iscgem803001,5.26,15.0,Shallow,1969.0,"3 km E of Bloomfield, California",Very Close (<100 km)
S19S_0066,35.19845,-106.643178,stream,Rio Grande,17819084.0,United States,S19S,PNNL_River_Sampling,169.59,usp0000e9z,5.0,25.0,Shallow,1976.0,"25 km NW of Crownpoint, New Mexico",Moderate (100-500 km)
S19S_0067,42.3921,-85.35412,stream,Augusta Creek,3473077.0,United States,S19S,PNNL_River_Sampling,230.1,ushis1163,5.0,2.0,Shallow,1937.0,"3 km E of New Knoxville, Ohio",Moderate (100-500 km)
S19S_0068,44.207316,-122.258091,stream,Watershed 01 stream,-9999.0,United States,S19S,PNNL_River_Sampling,96.09,uw10306313,5.6,19.608,Shallow,1993.0,"4 km E of Scotts Mills, Oregon",Very Close (<100 km)
S19S_0069,39.362202,-123.735151,stream,North Fork Caspar Creek,2663987.0,United States,S19S,PNNL_River_Sampling,46.57,iscgem906999,5.92,15.0,Shallow,1931.0,"9 km S of Leggett, California",Very Close (<100 km)
S19S_0070,39.339914,-123.752414,stream,South Fork Caspar Creek,2665551.0,United States,S19S,PNNL_River_Sampling,49.07,iscgem906999,5.92,15.0,Shallow,1931.0,"9 km S of Leggett, California",Very Close (<100 km)
S19S_0071,40.012917,-105.458575,stream,Gordon Creek,2889384.0,United States,S19S,PNNL_River_Sampling,51.82,ushis2979,5.2,5.0,Shallow,1967.0,"4 km NE of Derby, Colorado",Very Close (<100 km)
S19S_0072,42.5235645,-71.1848201,stream,Sawmill Brook,5862611.0,United States,S19S,PNNL_River_Sampling,150.69,ushis1343,5.26,10.0,Shallow,1940.0,"8 km W of Tamworth, New Hampshire",Moderate (100-500 km)
S19S_0073,42.7688065,-70.9164986,stream,Cart Creek,5860599.0,United States,S19S,PNNL_River_Sampling,128.04,ushis1343,5.26,10.0,Shallow,1940.0,"8 km W of Tamworth, New Hampshire",Moderate (100-500 km)
S19S_0074,46.376172,-119.272998,stream,Columbia,24415028.0,United States,S19S,PNNL_River_Sampling,75.44,iscgem903747,5.99,10.0,Shallow,1936.0,"3 km SW of Garrett, Washington",Very Close (<100 km)
S19S_0075,46.694742,-119.465555,stream,Columbia,947020558.0,United States,S19S,PNNL_River_Sampling,108.5,iscgem903747,5.99,10.0,Shallow,1936.0,"3 km SW of Garrett, Washington",Moderate (100-500 km)
S19S_0076,46.679191,-119.462605,stream,Columbia,947020557.0,United States,S19S,PNNL_River_Sampling,107.18,iscgem903747,5.99,10.0,Shallow,1936.0,"3 km SW of Garrett, Washington",Moderate (100-500 km)
S19S_0077,40.66403,-105.223141,stream,Cache La Poudre,2900705.0,United States,S19S,PNNL_River_Sampling,91.94,iscgem832092,5.47,10.0,Shallow,1967.0,"7 km SE of Lochbuie, Colorado",Very Close (<100 km)
S19S_0078,43.43138889,-123.5855556,stream,Little Wolf Creek,24526862.0,United States,S19S,PNNL_River_Sampling,125.92,iscgem910527,5.96,15.0,Shallow,1925.0,"48 km WNW of Langlois, Oregon",Moderate (100-500 km)
S19S_0079,43.6369,-123.5721,stream,Umpqua,24526798.0,United States,S19S,PNNL_River_Sampling,136.85,iscgem910527,5.96,15.0,Shallow,1925.0,"48 km WNW of Langlois, Oregon",Moderate (100-500 km)
S19S_0080,34.950811,-106.681374,stream,Rio Grande,17808622.0,United States,S19S,PNNL_River_Sampling,180.25,usp0000e9z,5.0,25.0,Shallow,1976.0,"25 km NW of Crownpoint, New Mexico",Moderate (100-500 km)
S19S_0081,38.960004,-76.9261495,stream,Northeast Branch of Anacostia,22337975.0,United States,S19S,PNNL_River_Sampling,146.22,se609212,5.8,6.0,Shallow,2011.0,"11 km SSW of Mineral, Virginia",Moderate (100-500 km)
S19S_0082,38.8748619,-76.5465418,stream,Muddy Creek,8380297.0,United States,S19S,PNNL_River_Sampling,161.83,se609212,5.8,6.0,Shallow,2011.0,"11 km SSW of Mineral, Virginia",Moderate (100-500 km)
S19S_0083,40.31083,-88.3227,stream,Sangamon,13571661.0,United States,S19S,PNNL_River_Sampling,180.85,nm603116,5.2,4.6,Shallow,1987.0,"2 km ESE of Claremont, Illinois",Moderate (100-500 km)
S19S_0084,43.954722,-71.722778,stream,Watershed 3 stream,-9999.0,United States,S19S,PNNL_River_Sampling,29.72,ushis1343,5.26,10.0,Shallow,1940.0,"8 km W of Tamworth, New Hampshire",Very Close (<100 km)
S19S_0085,43.6479639,-115.9902503,stream,Mores Creek,23382303.0,United States,S19S,PNNL_River_Sampling,114.5,us70008jr5,6.5,12.06,Shallow,2020.0,"Stanley, Idaho",Moderate (100-500 km)
S19S_0086,40.7797,-111.8064,stream,Red Butte Creek,10389356.0,United States,S19S,PNNL_River_Sampling,23.12,uu60363602,5.7,11.9,Shallow,2020.0,"5 km NNE of Magna, Utah",Very Close (<100 km)
S19S_0087,43.1233451,-116.7743431,stream,Dobson Creek,23302298.0,United States,S19S,PNNL_River_Sampling,199.81,us70008jr5,6.5,12.06,Shallow,2020.0,"Stanley, Idaho",Moderate (100-500 km)
S19S_0089,37.21008,-80.44539,stream,Stroubles Creek,6883680.0,United States,S19S,PNNL_River_Sampling,99.74,se60324281,5.1,4.14,Shallow,2020.0,"4 km SE of Sparta, North Carolina",Very Close (<100 km)
S19S_0090,37.291383,-75.930606,stream,Cobb Mill Creek,12058092.0,United States,S19S,PNNL_River_Sampling,189.6,se609212,5.8,6.0,Shallow,2011.0,"11 km SSW of Mineral, Virginia",Moderate (100-500 km)
S19S_0091,60.520868,-144.837472,stream,Copper River,-9999.0,United States,S19S,PNNL_River_Sampling,29.61,iscgem869891,5.35,15.0,Shallow,1964.0,"75 km E of Cordova, Alaska",Very Close (<100 km)
S19S_0092,52.419447,-1.704013,stream,Blythe,-9999.0,United Kingdom,S19S,PNNL_River_Sampling,175.8,usp00025ue,5.0,12.9,Shallow,1984.0,"5 km SSE of Criccieth, United Kingdom",Moderate (100-500 km)
S19S_0093,52.800556,-2.304833,stream,Wood Brook,-9999.0,United Kingdom,S19S,PNNL_River_Sampling,127.45,usp00025ue,5.0,12.9,Shallow,1984.0,"5 km SSE of Criccieth, United Kingdom",Moderate (100-500 km)
S19S_0094,18.2754452,-65.7852826,stream,Icacos,-9999.0,United States,S19S,PNNL_River_Sampling,36.97,usp000hrud,5.1,102.9,Intermediate,2010.0,"3 km W of Aguas Buenas, Puerto Rico",Very Close (<100 km)
S19S_0096,45.2473368,7.805425,stream,Orco,-9999.0,Italy,S19S,PNNL_River_Sampling,36.56,iscgem914015,5.5,15.0,Shallow,1914.0,"0 km E of Avigliana, Italy",Very Close (<100 km)
S19S_0097,41.720847,-111.8865,stream,Logan,664488.0,United States,S19S,PNNL_River_Sampling,20.55,iscgem863670,5.02,10.0,Shallow,1964.0,"2 km S of Richmond, Utah",Very Close (<100 km)
S19S_0098,41.950204,-111.580533,stream,Logan,664126.0,United States,S19S,PNNL_River_Sampling,7.47,iscgem875249,5.83,15.0,Shallow,1962.0,"8 km W of Garden City, Utah",Very Close (<100 km)
S19S_0099,39.2385932,-84.7119066,stream,Great Miami,3886082.0,United States,S19S,PNNL_River_Sampling,134.03,se601214,5.0,10.0,Shallow,1980.0,"2 km SW of Sharpsburg, Kentucky",Moderate (100-500 km)
S19S_0100,38.92352,-106.950961,stream,East River,1332754.0,United States,S19S,PNNL_River_Sampling,89.37,ushis2466,5.5,49.0,Shallow,1960.0,"15 km E of Colona, Colorado",Very Close (<100 km)
S20R,47.19028,-121.01556,stream,Cle Elum River,24125811.0,United States,SPS,PNNL_River_Sampling,79.34,uw10106318,5.0,2.136,Shallow,1981.0,"23 km ESE of Packwood, Washington",Very Close (<100 km)
S21,47.17725,-121.02867,stream,Yakima River,24126059.0,United States,Unknown,PNNL_River_Sampling,77.63,uw10106318,5.0,2.136,Shallow,1981.0,"23 km ESE of Packwood, Washington",Very Close (<100 km)
S21R,47.185797,-121.043826,stream,Yakima River,24126061.0,United States,SPS,PNNL_River_Sampling,78.12,uw10106318,5.0,2.136,Shallow,1981.0,"23 km ESE of Packwood, Washington",Very Close (<100 km)
S22RR,47.1683,-120.8346,stream,Teanaway River,947030171.0,United States,SSS,PNNL_River_Sampling,83.19,uw10106318,5.0,2.136,Shallow,1981.0,"23 km ESE of Packwood, Washington",Very Close (<100 km)
S23,47.185944,-120.918817,stream,Yakima River,24125789.0,United States,SPS,PNNL_River_Sampling,81.86,uw10106318,5.0,2.136,Shallow,1981.0,"23 km ESE of Packwood, Washington",Very Close (<100 km)
S24,47.3543,-121.1082,stream,Cle Elum River,24125859.0,United States,SSS,PNNL_River_Sampling,73.23,uw10389973,5.4,3.825,Shallow,1996.0,"8 km NNE of Lake Marcel-Stillwater, Washington",Very Close (<100 km)
S24R,47.354254,-121.108406,stream,Cle Elum River,24125859.0,United States,SPS,PNNL_River_Sampling,73.22,uw10389973,5.4,3.825,Shallow,1996.0,"8 km NNE of Lake Marcel-Stillwater, Washington",Very Close (<100 km)
S25,47.262537,-120.897057,stream,Middle Fork Teanaway River,24125699.0,United States,SPS,PNNL_River_Sampling,90.25,uw10106318,5.0,2.136,Shallow,1981.0,"23 km ESE of Packwood, Washington",Very Close (<100 km)
S26R,47.168488,-120.834427,stream,Teanaway River,947030170.0,United States,SPS,PNNL_River_Sampling,83.22,uw10106318,5.0,2.136,Shallow,1981.0,"23 km ESE of Packwood, Washington",Very Close (<100 km)
S27R,47.260155,-121.176851,stream,Silver Creek,24126823.0,United States,SPS,PNNL_River_Sampling,76.53,uw10389973,5.4,3.825,Shallow,1996.0,"8 km NNE of Lake Marcel-Stillwater, Washington",Very Close (<100 km)
S28R,47.124215,-120.73804,stream,Swauk Creek,24131037.0,United States,SPS,PNNL_River_Sampling,83.22,uw10106318,5.0,2.136,Shallow,1981.0,"23 km ESE of Packwood, Washington",Very Close (<100 km)
S28RE,47.123516,-120.73817,stream,Yakima River,24125567.0,United States,SPS,PNNL_River_Sampling,83.15,uw10106318,5.0,2.136,Shallow,1981.0,"23 km ESE of Packwood, Washington",Very Close (<100 km)
S29,47.0822,-120.7334,stream,Taneum Creek,24126251.0,United States,SSS,PNNL_River_Sampling,79.76,uw10106318,5.0,2.136,Shallow,1981.0,"23 km ESE of Packwood, Washington",Very Close (<100 km)
S29R,47.082159,-120.733369,stream,Taneum Creek,24126251.0,United States,SPS,PNNL_River_Sampling,79.76,uw10106318,5.0,2.136,Shallow,1981.0,"23 km ESE of Packwood, Washington",Very Close (<100 km)
S30R,46.09521496,-120.5482254,stream,Satus Creek,23100398.0,United States,SPS,PNNL_River_Sampling,80.67,uw10106318,5.0,2.136,Shallow,1981.0,"23 km ESE of Packwood, Washington",Very Close (<100 km)
S31,46.205978,-120.480969,stream,Logy Creek,23100338.0,United States,SPS,PNNL_River_Sampling,78.54,uw10106318,5.0,2.136,Shallow,1981.0,"23 km ESE of Packwood, Washington",Very Close (<100 km)
S32,46.23559571,-120.4191547,stream,Satus Creek,23100328.0,United States,SPS,PNNL_River_Sampling,81.42,uw10106318,5.0,2.136,Shallow,1981.0,"23 km ESE of Packwood, Washington",Very Close (<100 km)
S33,46.26534,-120.11103,stream,Yakima River,23099694.0,United States,Unknown,PNNL_River_Sampling,102.55,uw10106318,5.0,2.136,Shallow,1981.0,"23 km ESE of Packwood, Washington",Moderate (100-500 km)
S34,46.26426,-120.11472,stream,Satus Creek,23100242.0,United States,Unknown,PNNL_River_Sampling,102.31,uw10106318,5.0,2.136,Shallow,1981.0,"23 km ESE of Packwood, Washington",Moderate (100-500 km)
S34R,46.2752,-120.1377,stream,Satus Creek,23100242.0,United States,SSS,PNNL_River_Sampling,100.27,uw10106318,5.0,2.136,Shallow,1981.0,"23 km ESE of Packwood, Washington",Moderate (100-500 km)
S36,46.314573,-120.199171,stream,Toppenish Creek,23100020.0,United States,SPS,PNNL_River_Sampling,94.54,uw10106318,5.0,2.136,Shallow,1981.0,"23 km ESE of Packwood, Washington",Very Close (<100 km)
S37,46.028244,-120.611858,stream,Satus Creek,23100428.0,United States,SPS,PNNL_River_Sampling,81.66,uw10106318,5.0,2.136,Shallow,1981.0,"23 km ESE of Packwood, Washington",Very Close (<100 km)
S38,46.029003,-120.636526,stream,Unnamed Tributary,23105314.0,United States,SPS,PNNL_River_Sampling,80.22,uw10106318,5.0,2.136,Shallow,1981.0,"23 km ESE of Packwood, Washington",Very Close (<100 km)
S39,46.016704,-120.649701,stream,Satus Creek,23100434.0,United States,SPS,PNNL_River_Sampling,80.45,uw10106318,5.0,2.136,Shallow,1981.0,"23 km ESE of Packwood, Washington",Very Close (<100 km)
S40,46.03855,-120.5894,stream,Kusshi Creek,23100408.0,United States,Unknown,PNNL_River_Sampling,82.18,uw10106318,5.0,2.136,Shallow,1981.0,"23 km ESE of Packwood, Washington",Very Close (<100 km)
S41R,46.3111,-120.7891,stream,Toppenish Creek,23100180.0,United States,SSS,PNNL_River_Sampling,52.13,uw10106318,5.0,2.136,Shallow,1981.0,"23 km ESE of Packwood, Washington",Very Close (<100 km)
S42,46.2902,-120.8717,stream,Unnamed Tributary,23103496.0,United States,SSS,PNNL_River_Sampling,47.82,uw10106318,5.0,2.136,Shallow,1981.0,"23 km ESE of Packwood, Washington",Very Close (<100 km)
S43,46.3656,-120.6704,stream,Toppenish Creek,23100162.0,United States,SSS,PNNL_River_Sampling,58.22,uw10106318,5.0,2.136,Shallow,1981.0,"23 km ESE of Packwood, Washington",Very Close (<100 km)
S45,46.6168,-121.1511,stream,South Fork Tieton River,24423421.0,United States,SSS,PNNL_River_Sampling,21.17,uw10106318,5.0,2.136,Shallow,1981.0,"23 km ESE of Packwood, Washington",Very Close (<100 km)
S47,46.61823,-121.31549,stream,North Fork Tieton River,24423359.0,United States,Unknown,PNNL_River_Sampling,11.95,uw10106318,5.0,2.136,Shallow,1981.0,"23 km ESE of Packwood, Washington",Very Close (<100 km)
S47R,46.62141,-121.30271,stream,North Fork Tieton River,24423357.0,United States,SSS,PNNL_River_Sampling,12.76,uw10106318,5.0,2.136,Shallow,1981.0,"23 km ESE of Packwood, Washington",Very Close (<100 km)
S48,46.64743,-121.25489,stream,Indian Creek,24423325.0,United States,Unknown,PNNL_River_Sampling,17.24,uw10106318,5.0,2.136,Shallow,1981.0,"23 km ESE of Packwood, Washington",Very Close (<100 km)
S48R,46.64568,-121.25106,stream,Indian Creek,24423325.0,United States,SSS,PNNL_River_Sampling,17.27,uw10106318,5.0,2.136,Shallow,1981.0,"23 km ESE of Packwood, Washington",Very Close (<100 km)
S49R,46.724267,-120.813351,stream,Tieton River,24423233.0,United States,SPS,PNNL_River_Sampling,49.55,uw10106318,5.0,2.136,Shallow,1981.0,"23 km ESE of Packwood, Washington",Very Close (<100 km)
S50,46.631447,-120.521815,stream,Yakima River,24125037.0,United States,SPS,PNNL_River_Sampling,67.7,uw10106318,5.0,2.136,Shallow,1981.0,"23 km ESE of Packwood, Washington",Very Close (<100 km)
S50P,46.7521,-120.8178,stream,Naches River,24422713.0,United States,SSS,PNNL_River_Sampling,50.7,uw10106318,5.0,2.136,Shallow,1981.0,"23 km ESE of Packwood, Washington",Very Close (<100 km)
S51,46.729878,-120.803616,stream,Tieton River,24423233.0,United States,SPS,PNNL_River_Sampling,50.49,uw10106318,5.0,2.136,Shallow,1981.0,"23 km ESE of Packwood, Washington",Very Close (<100 km)
S52,46.6592,-121.0893,stream,Milk Creek,24423623.0,United States,SSS,PNNL_River_Sampling,27.63,uw10106318,5.0,2.136,Shallow,1981.0,"23 km ESE of Packwood, Washington",Very Close (<100 km)
S53,46.6646,-121.1237,stream,Wildcat Creek,24424869.0,United States,SSS,PNNL_River_Sampling,25.81,uw10106318,5.0,2.136,Shallow,1981.0,"23 km ESE of Packwood, Washington",Very Close (<100 km)
S54,46.6833,-120.9404,stream,Tieton River,24423245.0,United States,SSS,PNNL_River_Sampling,38.85,uw10106318,5.0,2.136,Shallow,1981.0,"23 km ESE of Packwood, Washington",Very Close (<100 km)
S55,46.663547,-120.805047,stream,South Fork Cowiche Creek,24423517.0,United States,SPS,PNNL_River_Sampling,47.55,uw10106318,5.0,2.136,Shallow,1981.0,"23 km ESE of Packwood, Washington",Very Close (<100 km)
S55N,46.6659,-120.8161,stream,South Fork Cowiche Creek,24423517.0,United States,SSS,PNNL_River_Sampling,46.84,uw10106318,5.0,2.136,Shallow,1981.0,"23 km ESE of Packwood, Washington",Very Close (<100 km)
S56,46.620687,-120.626954,stream,Cowiche Creek,24423479.0,United States,SPS,PNNL_River_Sampling,59.58,uw10106318,5.0,2.136,Shallow,1981.0,"23 km ESE of Packwood, Washington",Very Close (<100 km)
S56N,46.6218,-120.6206,stream,Cowiche Creek,24423479.0,United States,SSS,PNNL_River_Sampling,60.08,uw10106318,5.0,2.136,Shallow,1981.0,"23 km ESE of Packwood, Washington",Very Close (<100 km)
S57,46.5814,-120.4612,stream,Yakima River,23099862.0,United States,SSS,PNNL_River_Sampling,71.6,uw10106318,5.0,2.136,Shallow,1981.0,"23 km ESE of Packwood, Washington",Very Close (<100 km)
S58,46.6856,-120.6553,stream,Naches River,24422669.0,United States,SSS,PNNL_River_Sampling,59.18,uw10106318,5.0,2.136,Shallow,1981.0,"23 km ESE of Packwood, Washington",Very Close (<100 km)
S61,47.06101,-121.28535,stream,South Fork Little Naches River,24422873.0,United States,Unknown,PNNL_River_Sampling,60.14,uw10106318,5.0,2.136,Shallow,1981.0,"23 km ESE of Packwood, Washington",Very Close (<100 km)
S63,46.041823,-120.573226,stream,Satus Creek,23100404.0,United States,SPS,PNNL_River_Sampling,82.88,uw10106318,5.0,2.136,Shallow,1981.0,"23 km ESE of Packwood, Washington",Very Close (<100 km)
S63P,46.04551,-120.5679,stream,Bull Creek,23100608.0,United States,Unknown,PNNL_River_Sampling,82.92,uw10106318,5.0,2.136,Shallow,1981.0,"23 km ESE of Packwood, Washington",Very Close (<100 km)
S64,46.25372,-120.95778,stream,North Fork Toppenish Creek,23100200.0,United States,Unknown,PNNL_River_Sampling,45.07,uw10106318,5.0,2.136,Shallow,1981.0,"23 km ESE of Packwood, Washington",Very Close (<100 km)
S65,46.73657,-120.90747,stream,Indian Creek,24424705.0,United States,Unknown,PNNL_River_Sampling,43.95,uw10106318,5.0,2.136,Shallow,1981.0,"23 km ESE of Packwood, Washington",Very Close (<100 km)
S67,46.855643,-120.483696,stream,Yakima River,24125193.0,United States,SPS,PNNL_River_Sampling,78.55,uw10106318,5.0,2.136,Shallow,1981.0,"23 km ESE of Packwood, Washington",Very Close (<100 km)
S68,46.855711,-120.484841,stream,Umtanum Creek,24126399.0,United States,SPS,PNNL_River_Sampling,78.47,uw10106318,5.0,2.136,Shallow,1981.0,"23 km ESE of Packwood, Washington",Very Close (<100 km)
S71,46.968185,-120.691204,stream,Manastash Creek,24126327.0,United States,SPS,PNNL_River_Sampling,72.75,uw10106318,5.0,2.136,Shallow,1981.0,"23 km ESE of Packwood, Washington",Very Close (<100 km)
S72,46.99491,-120.590443,stream,Manastash Creek,24126315.0,United States,SPS,PNNL_River_Sampling,80.45,uw10106318,5.0,2.136,Shallow,1981.0,"23 km ESE of Packwood, Washington",Very Close (<100 km)
S73,46.98778012,-120.5710861,stream,Yakima River,24125421.0,United States,SPS,PNNL_River_Sampling,81.08,uw10106318,5.0,2.136,Shallow,1981.0,"23 km ESE of Packwood, Washington",Very Close (<100 km)
S75,47.017577,-120.51748,stream,Wilson Creek,24131135.0,United States,SPS,PNNL_River_Sampling,86.32,uw10106318,5.0,2.136,Shallow,1981.0,"23 km ESE of Packwood, Washington",Very Close (<100 km)
S77,46.625578,-120.583712,stream,Cowiche Creek,24423479.0,United States,SPS,PNNL_River_Sampling,62.93,uw10106318,5.0,2.136,Shallow,1981.0,"23 km ESE of Packwood, Washington",Very Close (<100 km)
S79,46.763844,-120.456432,stream,Yakima River,24125115.0,United States,SPS,PNNL_River_Sampling,76.33,uw10106318,5.0,2.136,Shallow,1981.0,"23 km ESE of Packwood, Washington",Very Close (<100 km)
S82,46.53837,-120.480372,stream,Ahtanum Creek,23099884.0,United States,SPS,PNNL_River_Sampling,69.9,uw10106318,5.0,2.136,Shallow,1981.0,"23 km ESE of Packwood, Washington",Very Close (<100 km)
S83,47.239586,-121.227415,stream,Cabin Creek,24126203.0,United States,SPS,PNNL_River_Sampling,75.72,uw10389973,5.4,3.825,Shallow,1996.0,"8 km NNE of Lake Marcel-Stillwater, Washington",Very Close (<100 km)
SAC-1604,29.602818,-98.540933,stream,Salado Creek,10840230.0,United States,AV1,PNNL_River_Sampling,405.32,tx2024ophu,5.1,3.2959,Shallow,2024.0,"17 km NNE of Hermleigh, Texas",Moderate (100-500 km)
SAC-C,29.397379,-98.418744,stream,Salado Creek,10840440.0,United States,AV1,PNNL_River_Sampling,431.03,tx2024ophu,5.1,3.2959,Shallow,2024.0,"17 km NNE of Hermleigh, Texas",Moderate (100-500 km)
SAD1,46.721,-71.4754,stream,St. Lawrence River,-9999.0,Canada,STL,PNNL_River_Sampling,137.8,iscgem910394,6.3,15.0,Shallow,1925.0,"7 km NW of Saint-Pacôme, Canada",Moderate (100-500 km)
SAD2,46.7286,-71.4706,stream,St. Lawrence River,-9999.0,Canada,STL,PNNL_River_Sampling,137.0,iscgem910394,6.3,15.0,Shallow,1925.0,"7 km NW of Saint-Pacôme, Canada",Moderate (100-500 km)
SAD3,46.7056,-71.4608,stream,St. Lawrence River,-9999.0,Canada,STL,PNNL_River_Sampling,137.96,iscgem910394,6.3,15.0,Shallow,1925.0,"7 km NW of Saint-Pacôme, Canada",Moderate (100-500 km)
SAR-BP,29.4586,-98.47398,stream,San Antonio River,10840810.0,United States,AV1,PNNL_River_Sampling,422.49,tx2024ophu,5.1,3.2959,Shallow,2024.0,"17 km NNE of Hermleigh, Texas",Moderate (100-500 km)
SF01,46.728668,-120.937573,stream,South Fork Oak Creek,24424753.0,United States,PRT,PNNL_River_Sampling,41.55,uw10106318,5.0,2.136,Shallow,1981.0,"23 km ESE of Packwood, Washington",Very Close (<100 km)
SORAM1,46.0735,-73.0872,stream,St. Lawrence River,-9999.0,Canada,STL,PNNL_River_Sampling,180.03,ld2002042000,5.3,4.83,Shallow,2002.0,"8 km NNW of Au Sable Forks, New York",Moderate (100-500 km)
SORAM2,46.0587,-73.0742,stream,St. Lawrence River,-9999.0,Canada,STL,PNNL_River_Sampling,178.72,ld2002042000,5.3,4.83,Shallow,2002.0,"8 km NNW of Au Sable Forks, New York",Moderate (100-500 km)
SORAM3,46.0612,-73.0749,stream,St. Lawrence River,-9999.0,Canada,STL,PNNL_River_Sampling,178.98,ld2002042000,5.3,4.83,Shallow,2002.0,"8 km NNW of Au Sable Forks, New York",Moderate (100-500 km)
SORAV1,46.1729,-72.9582,stream,St. Lawrence River,-9999.0,Canada,STL,PNNL_River_Sampling,193.47,ld2002042000,5.3,4.83,Shallow,2002.0,"8 km NNW of Au Sable Forks, New York",Moderate (100-500 km)
SORAV2,46.1618,-72.9424,stream,St. Lawrence River,-9999.0,Canada,STL,PNNL_River_Sampling,192.67,ld2002042000,5.3,4.83,Shallow,2002.0,"8 km NNW of Au Sable Forks, New York",Moderate (100-500 km)
SORAV3,46.1372,-72.9493,stream,St. Lawrence River,-9999.0,Canada,STL,PNNL_River_Sampling,189.9,ld2002042000,5.3,4.83,Shallow,2002.0,"8 km NNW of Au Sable Forks, New York",Moderate (100-500 km)
SP-1,41.3093,-83.1578,stream,Sandusky River,15612718.0,United States,CM,PNNL_River_Sampling,130.86,ushis1163,5.0,2.0,Shallow,1937.0,"3 km E of New Knoxville, Ohio",Moderate (100-500 km)
SP-10,32.3505,-111.0953,stream,Santa Cruz River,15903137.0,United States,CM,PNNL_River_Sampling,182.62,usc000rnfe,5.3,6.44,Shallow,2014.0,"13 km SW of Franklin, Arizona",Moderate (100-500 km)
SP-11,38.923901,-106.950572,stream,East River,1332754.0,United States,CM,PNNL_River_Sampling,89.42,ushis2466,5.5,49.0,Shallow,1960.0,"15 km E of Colona, Colorado",Very Close (<100 km)
SP-12,38.907533,-107.023765,stream,Slate River,1332224.0,United States,CM,PNNL_River_Sampling,84.09,ushis2466,5.5,49.0,Shallow,1960.0,"15 km E of Colona, Colorado",Very Close (<100 km)
SP-13,32.4713,-111.3042,stream,Santa Cruz River,15890430.0,United States,CM,PNNL_River_Sampling,200.63,usc000rnfe,5.3,6.44,Shallow,2014.0,"13 km SW of Franklin, Arizona",Moderate (100-500 km)
SP-14,46.4979,-84.3742,stream,St. Marys River,904020533.0,United States,CM,PNNL_River_Sampling,409.42,iscgem904623,6.17,15.0,Shallow,1935.0,"2 km ESE of Notre-Dame-du-Lac, Canada",Moderate (100-500 km)
SP-15,30.4384,-91.1912,stream,Mississippi RIver,19088319.0,United States,CM,PNNL_River_Sampling,305.5,usp000e9v9,5.3,5.0,Shallow,2006.0,"157 km S of Grand Isle, Louisiana",Moderate (100-500 km)
SP-16,44.640715,-68.445497,stream,Crawford Brook,-9999.0,United States,CM,PNNL_River_Sampling,248.08,ushis1343,5.26,10.0,Shallow,1940.0,"8 km W of Tamworth, New Hampshire",Moderate (100-500 km)
SP-17,40.989942,-96.20896,stream,Decker Creek,17416738.0,United States,CM,PNNL_River_Sampling,511.41,us10006jxs,5.8,5.557,Shallow,2016.0,"14 km NW of Pawnee, Oklahoma",Distant (>500 km)
SP-18,44.3676591,-72.9688981,stream,Huntington River,4577456.0,United States,CM,PNNL_River_Sampling,60.03,ld2002042000,5.3,4.83,Shallow,2002.0,"8 km NNW of Au Sable Forks, New York",Very Close (<100 km)
SP-19,43.6042604,-116.1946675,stream,Boise River,23398865.0,United States,CM,PNNL_River_Sampling,128.71,us70008jr5,6.5,12.06,Shallow,2020.0,"Stanley, Idaho",Moderate (100-500 km)
SP-2,41.3166,-102.126,stream,North Platte River,17461568.0,United States,CM,PNNL_River_Sampling,188.8,ushis2657,5.1,30.0,Shallow,1964.0,"11 km NW of Merriman, Nebraska",Moderate (100-500 km)
SP-20,37.580748,-121.166009,stream,San Joaquin,2820034.0,United States,CM,PNNL_River_Sampling,47.28,nc68932,5.7,8.502,Shallow,1986.0,"15 km NE of East Foothills, California",Very Close (<100 km)
SP-21,38.257823,-121.433908,stream,Cosumnes River,1889750.0,United States,CM,PNNL_River_Sampling,54.9,nc1050040,5.8,14.488,Shallow,1980.0,"The 1980 Livermore, California Earthquake",Very Close (<100 km)
SP-22,32.845656,-87.661434,stream,Fivemile Creek Tributary,18208882.0,United States,CM,PNNL_River_Sampling,569.74,iscgem814965,5.26,15.7,Shallow,1968.0,"5 km SSW of Norris City, Illinois",Distant (>500 km)
SP-23,38.9746,-119.8218,stream,West Fork Carson River,8922013.0,United States,CM,PNNL_River_Sampling,22.7,usp0006j9b,6.1,14.0,Shallow,1994.0,"4 km S of Carter Springs, Nevada",Very Close (<100 km)
SP-28,33.487858,-88.455436,stream,Tennessee Tombigbee Waterway,933160077.0,United States,CM,PNNL_River_Sampling,494.91,iscgem814965,5.26,15.7,Shallow,1968.0,"5 km SSW of Norris City, Illinois",Moderate (100-500 km)
SP-32,35.86754,-106.52276,stream,La Jara Creek,17827558.0,United States,CM,PNNL_River_Sampling,128.52,iscgem851116,5.13,10.0,Shallow,1966.0,"4 km NNW of Lumberton, New Mexico",Moderate (100-500 km)
SP-35,29.862373,-82.2833293,stream,Stream 5,2161826.0,United States,CM,PNNL_River_Sampling,578.73,usp000esv9,5.9,14.0,Shallow,2006.0,Gulf of America,Distant (>500 km)
SP-4,33.8277,-79.0449,stream,Waccamaw River,9071958.0,United States,CM,PNNL_River_Sampling,347.92,se60324281,5.1,4.14,Shallow,2020.0,"4 km SE of Sparta, North Carolina",Moderate (100-500 km)
SP-45,30.15526,-83.23854,stream,Allen Mill Spring Run,-9999.0,United States,CM,PNNL_River_Sampling,539.17,usp000esv9,5.9,14.0,Shallow,2006.0,Gulf of America,Distant (>500 km)
SP-47,29.93382,-82.79881,stream,Ichetucknee River,2161766.0,United States,CM,PNNL_River_Sampling,548.5,usp000esv9,5.9,14.0,Shallow,2006.0,Gulf of America,Distant (>500 km)
SP-5,33.684,-84.4153,stream,South River,6333706.0,United States,CM,PNNL_River_Sampling,433.56,se60324281,5.1,4.14,Shallow,2020.0,"4 km SE of Sparta, North Carolina",Moderate (100-500 km)
SP-6,45.0844,-92.7856,stream,St. Croix,2649684.0,United States,CM,PNNL_River_Sampling,756.36,ushis2657,5.1,30.0,Shallow,1964.0,"11 km NW of Merriman, Nebraska",Distant (>500 km)
SP-66,33.56176,-79.08539,stream,Cow House Creek,9071892.0,United States,CM,PNNL_River_Sampling,371.59,se60324281,5.1,4.14,Shallow,2020.0,"4 km SE of Sparta, North Carolina",Moderate (100-500 km)
SP-70,41.950688,-111.580198,stream,Logan River,664126.0,United States,CM,PNNL_River_Sampling,7.45,iscgem875249,5.83,15.0,Shallow,1962.0,"8 km W of Garden City, Utah",Very Close (<100 km)
SP-72,41.739155,-111.796376,stream,Logan River,664436.0,United States,CM,PNNL_River_Sampling,16.7,iscgem849333,5.21,10.0,Shallow,1966.0,"16 km ENE of North Logan, Utah",Very Close (<100 km)
SP-8,44.5505,-123.2497,stream,Willamette River,23763009.0,United States,CM,PNNL_River_Sampling,74.03,uw10306313,5.6,19.608,Shallow,1993.0,"4 km E of Scotts Mills, Oregon",Very Close (<100 km)
SP-9,44.556,-123.2769,stream,Marys River,23762881.0,United States,CM,PNNL_River_Sampling,75.08,uw10306313,5.6,19.608,Shallow,1993.0,"4 km E of Scotts Mills, Oregon",Very Close (<100 km)
STA1,46.5744,-72.1006,stream,St. Lawrence River,-9999.0,Canada,STL,PNNL_River_Sampling,184.93,usp0003p6p,5.9,28.9,Shallow,1988.0,"33 km S of Jonquière, Canada",Moderate (100-500 km)
STA2,46.5685,-72.0997,stream,St. Lawrence River,-9999.0,Canada,STL,PNNL_River_Sampling,185.52,usp0003p6p,5.9,28.9,Shallow,1988.0,"33 km S of Jonquière, Canada",Moderate (100-500 km)
STA3,46.5625,-72.1057,stream,St. Lawrence River,-9999.0,Canada,STL,PNNL_River_Sampling,186.31,usp0003p6p,5.9,28.9,Shallow,1988.0,"33 km S of Jonquière, Canada",Moderate (100-500 km)
STAN1,47.7465,-69.8901,stream,St. Lawrence River,-9999.0,Canada,STL,PNNL_River_Sampling,33.36,iscgem910394,6.3,15.0,Shallow,1925.0,"7 km NW of Saint-Pacôme, Canada",Very Close (<100 km)
STIR1,47.5506,-70.1852,stream,St. Lawrence River,-9999.0,Canada,STL,PNNL_River_Sampling,16.59,iscgem910394,6.3,15.0,Shallow,1925.0,"7 km NW of Saint-Pacôme, Canada",Very Close (<100 km)
STJO1,47.4457,-70.3002,stream,St. Lawrence River,-9999.0,Canada,STL,PNNL_River_Sampling,21.71,iscgem910394,6.3,15.0,Shallow,1925.0,"7 km NW of Saint-Pacôme, Canada",Very Close (<100 km)
STL1,44.8972,-75.1665,stream,St. Lawrence River,-9999.0,Canada,STL,PNNL_River_Sampling,33.53,iscgem899531,5.74,15.0,Shallow,1944.0,"8 km S of Cornwall, Canada",Very Close (<100 km)
STL1.5,44.9537,-74.9918,stream,St. Lawrence River,-9999.0,Canada,STL,PNNL_River_Sampling,19.37,iscgem899531,5.74,15.0,Shallow,1944.0,"8 km S of Cornwall, Canada",Very Close (<100 km)
STL2,45.0061,-74.7747,stream,St. Lawrence River,-9999.0,Canada,STL,PNNL_River_Sampling,7.16,iscgem899531,5.74,15.0,Shallow,1944.0,"8 km S of Cornwall, Canada",Very Close (<100 km)
STM1,46.3501,-72.5302,stream,St. Lawrence River,-9999.0,Canada,STL,PNNL_River_Sampling,221.23,usp0003p6p,5.9,28.9,Shallow,1988.0,"33 km S of Jonquière, Canada",Moderate (100-500 km)
STM2,46.3473,-72.5271,stream,St. Lawrence River,-9999.0,Canada,STL,PNNL_River_Sampling,221.4,usp0003p6p,5.9,28.9,Shallow,1988.0,"33 km S of Jonquière, Canada",Moderate (100-500 km)
STM3,46.3456,-72.5168,stream,St. Lawrence River,-9999.0,Canada,STL,PNNL_River_Sampling,221.21,usp0003p6p,5.9,28.9,Shallow,1988.0,"33 km S of Jonquière, Canada",Moderate (100-500 km)
STM4,46.3369,-72.518,stream,St. Lawrence River,-9999.0,Canada,STL,PNNL_River_Sampling,222.12,usp0003p6p,5.9,28.9,Shallow,1988.0,"33 km S of Jonquière, Canada",Moderate (100-500 km)
T02,46.232095,-119.999,stream,Yakima River,23099678.0,United States,RC2,PNNL_River_Sampling,111.87,uw10106318,5.0,2.136,Shallow,1981.0,"23 km ESE of Packwood, Washington",Moderate (100-500 km)
T03,46.530817,-120.470337,stream,Yakima River,23099844.0,United States,RC2,PNNL_River_Sampling,70.66,uw10106318,5.0,2.136,Shallow,1981.0,"23 km ESE of Packwood, Washington",Very Close (<100 km)
T05,46.728776,-120.713733,stream,Naches River,24425579.0,United States,RC2,PNNL_River_Sampling,56.66,uw10106318,5.0,2.136,Shallow,1981.0,"23 km ESE of Packwood, Washington",Very Close (<100 km)
T05P,46.98904,-121.09921,stream,Little Naches River,24422823.0,United States,RC2,PNNL_River_Sampling,56.24,uw10106318,5.0,2.136,Shallow,1981.0,"23 km ESE of Packwood, Washington",Very Close (<100 km)
T06,46.97777,-121.16953,stream,American River,24422913.0,United States,RC2,PNNL_River_Sampling,53.14,uw10106318,5.0,2.136,Shallow,1981.0,"23 km ESE of Packwood, Washington",Very Close (<100 km)
T07,46.255319,-119.47405,stream,Yakima River,947030105.0,United States,RC2,PNNL_River_Sampling,84.29,iscgem903747,5.99,10.0,Shallow,1936.0,"3 km SW of Garrett, Washington",Very Close (<100 km)
T41,46.72411,-120.70039,stream,Naches River,24425579.0,United States,RC2,PNNL_River_Sampling,57.39,uw10106318,5.0,2.136,Shallow,1981.0,"23 km ESE of Packwood, Washington",Very Close (<100 km)
T42,46.72895,-120.71431,stream,Naches River,24425579.0,United States,RC2,PNNL_River_Sampling,56.63,uw10106318,5.0,2.136,Shallow,1981.0,"23 km ESE of Packwood, Washington",Very Close (<100 km)
TAP001,5.53904,-72.72515,stream,Quebrada Honda_Alta1,-9999.0,Colombia,TAP,PNNL_River_Sampling,38.78,usp0004tdp,5.2,13.5,Shallow,1991.0,"5 km NW of Chámeza, Colombia",Very Close (<100 km)
TAP002,5.53638,-72.72527,stream,Quebrada_Honda_Alta2,-9999.0,Colombia,TAP,PNNL_River_Sampling,38.53,usp0004tdp,5.2,13.5,Shallow,1991.0,"5 km NW of Chámeza, Colombia",Very Close (<100 km)
TAP003,5.518699252,-72.74022303,stream,Quebrada_Honda_Media,-9999.0,Colombia,TAP,PNNL_River_Sampling,35.98,usp0004tdp,5.2,13.5,Shallow,1991.0,"5 km NW of Chámeza, Colombia",Very Close (<100 km)
TAP004,5.510267537,-72.74535919,stream,Quebrada_Honda_Baja,-9999.0,Colombia,TAP,PNNL_River_Sampling,34.88,usp0004tdp,5.2,13.5,Shallow,1991.0,"5 km NW of Chámeza, Colombia",Very Close (<100 km)
TAP005,5.508508616,-72.75387968,stream,Rio_Cusiana_bajo,-9999.0,Colombia,TAP,PNNL_River_Sampling,34.23,usp0004tdp,5.2,13.5,Shallow,1991.0,"5 km NW of Chámeza, Colombia",Very Close (<100 km)
TAP006,5.587623884,-72.80922587,stream,Quebrada Iglesia - Baja,-9999.0,Colombia,TAP,PNNL_River_Sampling,39.87,usp0004tdp,5.2,13.5,Shallow,1991.0,"5 km NW of Chámeza, Colombia",Very Close (<100 km)
TAP007,5.63994284,-72.77652725,stream,Quebrada Iglesia - Nacimiento 1,-9999.0,Colombia,TAP,PNNL_River_Sampling,46.51,usp0004tdp,5.2,13.5,Shallow,1991.0,"5 km NW of Chámeza, Colombia",Very Close (<100 km)
TAP008,5.640136779,-72.77657224,stream,Quebrada Iglesias - Nacimiento 2,-9999.0,Colombia,TAP,PNNL_River_Sampling,46.53,usp0004tdp,5.2,13.5,Shallow,1991.0,"5 km NW of Chámeza, Colombia",Very Close (<100 km)
TAP009,5.635274329,-72.78295177,stream,Quebrada Iglesia - AFLagunaSiscunsí,-9999.0,Colombia,TAP,PNNL_River_Sampling,45.79,usp0004tdp,5.2,13.5,Shallow,1991.0,"5 km NW of Chámeza, Colombia",Very Close (<100 km)
TAP010,5.586695965,-72.81550566,stream,Rio Cusiana - Alto,-9999.0,Colombia,TAP,PNNL_River_Sampling,39.57,usp0004tdp,5.2,13.5,Shallow,1991.0,"5 km NW of Chámeza, Colombia",Very Close (<100 km)
TAP011,-35.35138,-58.06518,stream,Samborombón,-9999.0,Argentina,TAP,PNNL_River_Sampling,491.75,usp0003hap,5.1,31.4,Shallow,1988.0,"220 km SE of La Paloma, Uruguay",Moderate (100-500 km)
TAP012,-35.33126,-58.04946,stream,Samborombón,-9999.0,Argentina,TAP,PNNL_River_Sampling,490.89,usp0003hap,5.1,31.4,Shallow,1988.0,"220 km SE of La Paloma, Uruguay",Moderate (100-500 km)
TAP013,-35.10605,-58.06492,stream,Samborombón,-9999.0,Argentina,TAP,PNNL_River_Sampling,498.82,usp0003hap,5.1,31.4,Shallow,1988.0,"220 km SE of La Paloma, Uruguay",Moderate (100-500 km)
TAP014,-35.01963,-58.3125,stream,Samborombón,-9999.0,Argentina,TAP,PNNL_River_Sampling,523.17,usp0003hap,5.1,31.4,Shallow,1988.0,"220 km SE of La Paloma, Uruguay",Distant (>500 km)
TAP015,-35.13125,-58.38567,stream,Samborombón,-9999.0,Argentina,TAP,PNNL_River_Sampling,526.07,usp0003hap,5.1,31.4,Shallow,1988.0,"220 km SE of La Paloma, Uruguay",Distant (>500 km)
TAP016,-35.22513,-58.20402,stream,Samborombón,-9999.0,Argentina,TAP,PNNL_River_Sampling,507.41,usp0003hap,5.1,31.4,Shallow,1988.0,"220 km SE of La Paloma, Uruguay",Distant (>500 km)
TAP017,-35.46225,-57.75135,stream,Samborombón,-9999.0,Argentina,TAP,PNNL_River_Sampling,461.25,usp0003hap,5.1,31.4,Shallow,1988.0,"220 km SE of La Paloma, Uruguay",Moderate (100-500 km)
TAP018,-35.4463,-57.71794,stream,Samborombón,-9999.0,Argentina,TAP,PNNL_River_Sampling,458.69,usp0003hap,5.1,31.4,Shallow,1988.0,"220 km SE of La Paloma, Uruguay",Moderate (100-500 km)
TAP019,-35.39921,-57.63398,stream,Samborombón,-9999.0,Argentina,TAP,PNNL_River_Sampling,452.5,usp0003hap,5.1,31.4,Shallow,1988.0,"220 km SE of La Paloma, Uruguay",Moderate (100-500 km)
TAP020,-35.35325,-57.41751,stream,Samborombón,-9999.0,Argentina,TAP,PNNL_River_Sampling,434.75,usp0003hap,5.1,31.4,Shallow,1988.0,"220 km SE of La Paloma, Uruguay",Moderate (100-500 km)
TAP021,-41.19369,-71.83086,stream,Manso Superior,-9999.0,Argentina,TAP,PNNL_River_Sampling,44.47,us70005lt4,6.1,129.0,Intermediate,2019.0,"30 km W of Villa La Angostura, Argentina",Very Close (<100 km)
TAP022,-41.24552,-71.71306,stream,Manso Superior,-9999.0,Argentina,TAP,PNNL_River_Sampling,47.19,usp0000cp7,5.1,33.0,Shallow,1975.0,"46 km NW of El Bolsón, Argentina",Very Close (<100 km)
TAP023,-41.20364,-71.82308,stream,Manso Superior,-9999.0,Argentina,TAP,PNNL_River_Sampling,45.73,us70005lt4,6.1,129.0,Intermediate,2019.0,"30 km W of Villa La Angostura, Argentina",Very Close (<100 km)
TAP024,-41.22234,-71.79583,stream,Manso Superior,-9999.0,Argentina,TAP,PNNL_River_Sampling,47.85,usp0000cp7,5.1,33.0,Shallow,1975.0,"46 km NW of El Bolsón, Argentina",Very Close (<100 km)
TAP025,-41.26366,-71.65549,stream,Manso Superior,-9999.0,Argentina,TAP,PNNL_River_Sampling,47.19,usp0000cp7,5.1,33.0,Shallow,1975.0,"46 km NW of El Bolsón, Argentina",Very Close (<100 km)
TAP026,-41.2341,-71.75429,stream,Manso Superior,-9999.0,Argentina,TAP,PNNL_River_Sampling,47.36,usp0000cp7,5.1,33.0,Shallow,1975.0,"46 km NW of El Bolsón, Argentina",Very Close (<100 km)
TAP027,-41.20873,-71.81725,stream,Manso Superior,-9999.0,Argentina,TAP,PNNL_River_Sampling,46.42,us70005lt4,6.1,129.0,Intermediate,2019.0,"30 km W of Villa La Angostura, Argentina",Very Close (<100 km)
TAP028,-41.23539,-71.78467,stream,Manso Superior,-9999.0,Argentina,TAP,PNNL_River_Sampling,46.62,usp0000cp7,5.1,33.0,Shallow,1975.0,"46 km NW of El Bolsón, Argentina",Very Close (<100 km)
TAP029,-41.25031,-71.70132,stream,Manso Superior,-9999.0,Argentina,TAP,PNNL_River_Sampling,47.03,usp0000cp7,5.1,33.0,Shallow,1975.0,"46 km NW of El Bolsón, Argentina",Very Close (<100 km)
TAP030,-41.23143,-71.77024,stream,Manso Superior,-9999.0,Argentina,TAP,PNNL_River_Sampling,47.32,usp0000cp7,5.1,33.0,Shallow,1975.0,"46 km NW of El Bolsón, Argentina",Very Close (<100 km)
TAP031,-24.279333,-48.412806,stream,Mirante,-9999.0,Brazil,TAP,PNNL_River_Sampling,339.23,usp000g4kh,5.2,10.0,Shallow,2008.0,"211 km SSE of Guarujá, Brazil",Moderate (100-500 km)
TAP032,-24.307574,-48.414912,stream,Carmo,-9999.0,Brazil,TAP,PNNL_River_Sampling,337.88,usp000g4kh,5.2,10.0,Shallow,2008.0,"211 km SSE of Guarujá, Brazil",Moderate (100-500 km)
TAP033,-24.306556,-48.414694,stream,Lageado,-9999.0,Brazil,TAP,PNNL_River_Sampling,337.91,usp000g4kh,5.2,10.0,Shallow,2008.0,"211 km SSE of Guarujá, Brazil",Moderate (100-500 km)
TAP034,-24.308685,-48.409764,stream,Carmo,-9999.0,Brazil,TAP,PNNL_River_Sampling,337.36,usp000g4kh,5.2,10.0,Shallow,2008.0,"211 km SSE of Guarujá, Brazil",Moderate (100-500 km)
TAP035,-24.292889,-48.417722,stream,Água Comprida,-9999.0,Brazil,TAP,PNNL_River_Sampling,338.92,usp000g4kh,5.2,10.0,Shallow,2008.0,"211 km SSE of Guarujá, Brazil",Moderate (100-500 km)
TAP036,-24.316889,-48.421056,stream,Inferno,-9999.0,Brazil,TAP,PNNL_River_Sampling,337.92,usp000g4kh,5.2,10.0,Shallow,2008.0,"211 km SSE of Guarujá, Brazil",Moderate (100-500 km)
TAP037,-24.292306,-48.419222,stream,Unknown,-9999.0,Brazil,TAP,PNNL_River_Sampling,339.09,usp000g4kh,5.2,10.0,Shallow,2008.0,"211 km SSE of Guarujá, Brazil",Moderate (100-500 km)
TAP038,-24.271917,-48.424556,stream,Roda d'água,-9999.0,Brazil,TAP,PNNL_River_Sampling,340.68,usp000g4kh,5.2,10.0,Shallow,2008.0,"211 km SSE of Guarujá, Brazil",Moderate (100-500 km)
TAP039,-24.27225,-48.412722,stream,Córrego do Lago Nagro,-9999.0,Brazil,TAP,PNNL_River_Sampling,339.62,usp000g4kh,5.2,10.0,Shallow,2008.0,"211 km SSE of Guarujá, Brazil",Moderate (100-500 km)
TAP040,-24.276306,-48.417806,stream,Unknown,-9999.0,Brazil,TAP,PNNL_River_Sampling,339.84,usp000g4kh,5.2,10.0,Shallow,2008.0,"211 km SSE of Guarujá, Brazil",Moderate (100-500 km)
TAP041,-22.378441,-47.852495,stream,Passa Cinco,-9999.0,Brazil,TAP,PNNL_River_Sampling,447.12,usp000g4kh,5.2,10.0,Shallow,2008.0,"211 km SSE of Guarujá, Brazil",Moderate (100-500 km)
TAP042,-22.345383,-47.847523,stream,Passa Cinco,-9999.0,Brazil,TAP,PNNL_River_Sampling,449.96,usp000g4kh,5.2,10.0,Shallow,2008.0,"211 km SSE of Guarujá, Brazil",Moderate (100-500 km)
TAP043,-22.35907,-47.852166,stream,Unknown,-9999.0,Brazil,TAP,PNNL_River_Sampling,448.92,usp000g4kh,5.2,10.0,Shallow,2008.0,"211 km SSE of Guarujá, Brazil",Moderate (100-500 km)
TAP044,-22.376944,-47.779889,stream,Lapa,-9999.0,Brazil,TAP,PNNL_River_Sampling,443.32,usp000g4kh,5.2,10.0,Shallow,2008.0,"211 km SSE of Guarujá, Brazil",Moderate (100-500 km)
TAP045,-22.413771,-47.724598,stream,Passa Cinco,-9999.0,Brazil,TAP,PNNL_River_Sampling,436.86,usp000g4kh,5.2,10.0,Shallow,2008.0,"211 km SSE of Guarujá, Brazil",Moderate (100-500 km)
TAP046,-22.412911,-47.737106,stream,Unknown,-9999.0,Brazil,TAP,PNNL_River_Sampling,437.61,usp000g4kh,5.2,10.0,Shallow,2008.0,"211 km SSE of Guarujá, Brazil",Moderate (100-500 km)
TAP047,-22.389722,-47.744417,stream,Passa Cinco,-9999.0,Brazil,TAP,PNNL_River_Sampling,440.21,usp000g4kh,5.2,10.0,Shallow,2008.0,"211 km SSE of Guarujá, Brazil",Moderate (100-500 km)
TAP048,-22.399648,-47.841473,stream,Passa cinco,-9999.0,Brazil,TAP,PNNL_River_Sampling,444.52,usp000g4kh,5.2,10.0,Shallow,2008.0,"211 km SSE of Guarujá, Brazil",Moderate (100-500 km)
TAP049,-22.387902,-47.753654,stream,Unknown,-9999.0,Brazil,TAP,PNNL_River_Sampling,440.87,usp000g4kh,5.2,10.0,Shallow,2008.0,"211 km SSE of Guarujá, Brazil",Moderate (100-500 km)
TAP050,-22.353192,-47.797545,stream,Pirapetininga,-9999.0,Brazil,TAP,PNNL_River_Sampling,446.52,usp000g4kh,5.2,10.0,Shallow,2008.0,"211 km SSE of Guarujá, Brazil",Moderate (100-500 km)
TAP051,2.4942786,-72.6515439,stream,Caño Agua Bonita,-9999.0,Colombia,TAP,PNNL_River_Sampling,119.95,usp00040jq,5.0,32.9,Shallow,1989.0,"24 km SSE of Vistahermosa, Colombia",Moderate (100-500 km)
TAP052,2.4921528,-72.653197,stream,Caño Agua Bonita,-9999.0,Colombia,TAP,PNNL_River_Sampling,119.88,usp00040jq,5.0,32.9,Shallow,1989.0,"24 km SSE of Vistahermosa, Colombia",Moderate (100-500 km)
TAP053,2.48898761,-72.6533564,stream,Caño Agua Bonita,-9999.0,Colombia,TAP,PNNL_River_Sampling,120.01,usp00040jq,5.0,32.9,Shallow,1989.0,"24 km SSE of Vistahermosa, Colombia",Moderate (100-500 km)
TAP054,2.51769148,-72.641757,stream,Caño Agua Bonita,-9999.0,Colombia,TAP,PNNL_River_Sampling,119.9,usp00040jq,5.0,32.9,Shallow,1989.0,"24 km SSE of Vistahermosa, Colombia",Moderate (100-500 km)
TAP055,2.52055266,-72.6400509,stream,Caño Agua Bonita,-9999.0,Colombia,TAP,PNNL_River_Sampling,119.95,usp00040jq,5.0,32.9,Shallow,1989.0,"24 km SSE of Vistahermosa, Colombia",Moderate (100-500 km)
TAP056,2.52290333,-72.6387017,stream,Caño Agua Bonita,-9999.0,Colombia,TAP,PNNL_River_Sampling,119.98,usp00040jq,5.0,32.9,Shallow,1989.0,"24 km SSE of Vistahermosa, Colombia",Moderate (100-500 km)
TAP057,2.4943768,-72.6386154,stream,Caño Agua Bonita,-9999.0,Colombia,TAP,PNNL_River_Sampling,121.25,usp00040jq,5.0,32.9,Shallow,1989.0,"24 km SSE of Vistahermosa, Colombia",Moderate (100-500 km)
TAP058,2.57915033,-72.6012949,stream,Caño Agua Bonita,-9999.0,Colombia,TAP,PNNL_River_Sampling,121.62,usp00040jq,5.0,32.9,Shallow,1989.0,"24 km SSE of Vistahermosa, Colombia",Moderate (100-500 km)
TAP059,2.52165097,-72.6213212,stream,Caño Agua Bonita,-9999.0,Colombia,TAP,PNNL_River_Sampling,121.82,usp00040jq,5.0,32.9,Shallow,1989.0,"24 km SSE of Vistahermosa, Colombia",Moderate (100-500 km)
TAP060,2.50636374,-72.6374645,stream,Caño Agua Bonita,-9999.0,Colombia,TAP,PNNL_River_Sampling,120.83,usp00040jq,5.0,32.9,Shallow,1989.0,"24 km SSE of Vistahermosa, Colombia",Moderate (100-500 km)
TAP061,2.5240469,-72.6925882,stream,Quebrada la María,-9999.0,Colombia,TAP,PNNL_River_Sampling,114.44,usp00040jq,5.0,32.9,Shallow,1989.0,"24 km SSE of Vistahermosa, Colombia",Moderate (100-500 km)
TAP064,2.45187399,-72.6915608,stream,Caño trueno,-9999.0,Colombia,TAP,PNNL_River_Sampling,118.01,usp00040jq,5.0,32.9,Shallow,1989.0,"24 km SSE of Vistahermosa, Colombia",Moderate (100-500 km)
TAP090,-22.289324,-68.24421,stream,Rio Salado,-9999.0,Chile,TAP,PNNL_River_Sampling,8.73,usp000gd3v,5.2,118.3,Intermediate,2008.0,"64 km N of San Pedro de Atacama, Chile",Very Close (<100 km)
TAP091,-21.941452,-68.531856,stream,Rio San Pedro,-9999.0,Chile,TAP,PNNL_River_Sampling,5.46,us6000n003,5.0,106.413,Intermediate,2024.0,"72 km NE of Calama, Chile",Very Close (<100 km)
TAP092,-21.937202,-68.612611,stream,Rio Loa,-9999.0,Chile,TAP,PNNL_River_Sampling,2.01,us70005r9l,5.7,119.0,Intermediate,2019.0,"67 km NNE of Calama, Chile",Very Close (<100 km)
TAP093,-21.99474,-68.608991,stream,Rio Loa,-9999.0,Chile,TAP,PNNL_River_Sampling,2.62,iscgem856711,5.53,110.0,Intermediate,1965.0,"57 km NNE of Calama, Chile",Very Close (<100 km)
TAP094,-22.371226,-68.656091,stream,Rio Loa,-9999.0,Chile,TAP,PNNL_River_Sampling,7.09,usp00029ye,6.4,91.5,Intermediate,1984.0,"33 km E of Calama, Chile",Very Close (<100 km)
TAP095,-22.276662,-69.561638,stream,Rio Loa,-9999.0,Chile,TAP,PNNL_River_Sampling,17.13,usp0003a0m,5.3,43.8,Shallow,1987.0,"64 km E of Tocopilla, Chile",Very Close (<100 km)
TAP096,-22.396559,-69.527793,stream,Rio San Salvador,-9999.0,Chile,TAP,PNNL_River_Sampling,30.77,usp0003a0m,5.3,43.8,Shallow,1987.0,"64 km E of Tocopilla, Chile",Very Close (<100 km)
TAP097,-22.396845,-69.52847,stream,Rio Loa,-9999.0,Chile,TAP,PNNL_River_Sampling,30.79,usp0003a0m,5.3,43.8,Shallow,1987.0,"64 km E of Tocopilla, Chile",Very Close (<100 km)
TAY-RES,38.8183,-106.6086,stream,Taylor River below reservoir,1333490.0,United States,WROL,PNNL_River_Sampling,103.69,ushis2466,5.5,49.0,Shallow,1960.0,"15 km E of Colona, Colorado",Moderate (100-500 km)
TAY-TAY,38.8604,-106.567,stream,Taylor River at Taylor Park,1333022.0,United States,WROL,PNNL_River_Sampling,109.3,ushis2466,5.5,49.0,Shallow,1960.0,"15 km E of Colona, Colorado",Moderate (100-500 km)
TCL1,45.6656,-73.4644,stream,St. Lawrence River,-9999.0,Canada,STL,PNNL_River_Sampling,128.32,iscgem899531,5.74,15.0,Shallow,1944.0,"8 km S of Cornwall, Canada",Moderate (100-500 km)
TCM1,45.7069,-73.4787,stream,St. Lawrence River,-9999.0,Canada,STL,PNNL_River_Sampling,130.36,iscgem899531,5.74,15.0,Shallow,1944.0,"8 km S of Cornwall, Canada",Moderate (100-500 km)
TCM1.5,45.5894,-73.4973,stream,St. Lawrence River,-9999.0,Canada,STL,PNNL_River_Sampling,120.79,ld2002042000,5.3,4.83,Shallow,2002.0,"8 km NNW of Au Sable Forks, New York",Moderate (100-500 km)
TCM2,45.7051,-73.4556,stream,St. Lawrence River,-9999.0,Canada,STL,PNNL_River_Sampling,131.61,iscgem899531,5.74,15.0,Shallow,1944.0,"8 km S of Cornwall, Canada",Moderate (100-500 km)
TCM2.5,45.6758,-73.458,stream,St. Lawrence River,-9999.0,Canada,STL,PNNL_River_Sampling,129.41,iscgem899531,5.74,15.0,Shallow,1944.0,"8 km S of Cornwall, Canada",Moderate (100-500 km)
TCM3,45.7038,-73.4447,stream,St. Lawrence River,-9999.0,Canada,STL,PNNL_River_Sampling,132.17,iscgem899531,5.74,15.0,Shallow,1944.0,"8 km S of Cornwall, Canada",Moderate (100-500 km)
THI01,44.2132,-76.5457,stream,St. Lawrence River,-9999.0,Canada,STL,PNNL_River_Sampling,164.13,iscgem899531,5.74,15.0,Shallow,1944.0,"8 km S of Cornwall, Canada",Moderate (100-500 km)
THI02,44.24024,-76.41803,stream,St. Lawrence River,-9999.0,Canada,STL,PNNL_River_Sampling,153.85,iscgem899531,5.74,15.0,Shallow,1944.0,"8 km S of Cornwall, Canada",Moderate (100-500 km)
THI03,44.2593,-76.3784,stream,St. Lawrence River,-9999.0,Canada,STL,PNNL_River_Sampling,150.05,iscgem899531,5.74,15.0,Shallow,1944.0,"8 km S of Cornwall, Canada",Moderate (100-500 km)
THI04,44.3034,-76.1969,stream,St. Lawrence River,-9999.0,Canada,STL,PNNL_River_Sampling,135.18,iscgem899531,5.74,15.0,Shallow,1944.0,"8 km S of Cornwall, Canada",Moderate (100-500 km)
THI05,44.3232,-76.1668,stream,St. Lawrence River,-9999.0,Canada,STL,PNNL_River_Sampling,131.98,iscgem899531,5.74,15.0,Shallow,1944.0,"8 km S of Cornwall, Canada",Moderate (100-500 km)
THI06,44.3244,-76.159,stream,St. Lawrence River,-9999.0,Canada,STL,PNNL_River_Sampling,131.38,iscgem899531,5.74,15.0,Shallow,1944.0,"8 km S of Cornwall, Canada",Moderate (100-500 km)
THI07,44.484,-75.8268,stream,St. Lawrence River,-9999.0,Canada,STL,PNNL_River_Sampling,99.6,iscgem899531,5.74,15.0,Shallow,1944.0,"8 km S of Cornwall, Canada",Very Close (<100 km)
TRA1,45.9966,-73.1873,stream,St. Lawrence River,-9999.0,Canada,STL,PNNL_River_Sampling,168.65,iscgem899531,5.74,15.0,Shallow,1944.0,"8 km S of Cornwall, Canada",Moderate (100-500 km)
TRA2,46.004,-73.175,stream,St. Lawrence River,-9999.0,Canada,STL,PNNL_River_Sampling,169.91,iscgem899531,5.74,15.0,Shallow,1944.0,"8 km S of Cornwall, Canada",Moderate (100-500 km)
TRA3,45.9969,-73.1741,stream,St. Lawrence River,-9999.0,Canada,STL,PNNL_River_Sampling,169.42,iscgem899531,5.74,15.0,Shallow,1944.0,"8 km S of Cornwall, Canada",Moderate (100-500 km)
TRO-GAT,44.801195,-121.06603,stream,Trout Creek,23732545.0,United States,WROL,PNNL_River_Sampling,124.05,uw10306313,5.6,19.608,Shallow,1993.0,"4 km E of Scotts Mills, Oregon",Moderate (100-500 km)
U20,46.898642,-120.642233,stream,Umtanum Creek,24126427.0,United States,YRBT,PNNL_River_Sampling,70.77,uw10106318,5.0,2.136,Shallow,1981.0,"23 km ESE of Packwood, Washington",Very Close (<100 km)
U22,46.9079,-120.690378,stream,Umtanum Creek,24126443.0,United States,Unknown,PNNL_River_Sampling,68.46,uw10106318,5.0,2.136,Shallow,1981.0,"23 km ESE of Packwood, Washington",Very Close (<100 km)
W10,46.867453,-120.77439,stream,Wenas Creek,24126509.0,United States,YRBT,PNNL_River_Sampling,60.66,uw10106318,5.0,2.136,Shallow,1981.0,"23 km ESE of Packwood, Washington",Very Close (<100 km)
W20,46.832844,-120.710935,stream,Wenas Creek,24126487.0,United States,YRBT,PNNL_River_Sampling,62.33,uw10106318,5.0,2.136,Shallow,1981.0,"23 km ESE of Packwood, Washington",Very Close (<100 km)
WHY-SIS,44.287949,-121.544078,stream,Whychus Creek,23700305.0,United States,WROL,PNNL_River_Sampling,118.17,uw10306313,5.6,19.608,Shallow,1993.0,"4 km E of Scotts Mills, Oregon",Moderate (100-500 km)
WIL-COR,44.566361,-123.256806,stream,Willamette River at Corvallis,23762877.0,United States,WROL,PNNL_River_Sampling,73.14,uw10306313,5.6,19.608,Shallow,1993.0,"4 km E of Scotts Mills, Oregon",Very Close (<100 km)
WIL-GOS,43.9806,-122.9653,stream,Coast Fork Willamette River,23759228.0,United States,WROL,PNNL_River_Sampling,120.66,uw10306313,5.6,19.608,Shallow,1993.0,"4 km E of Scotts Mills, Oregon",Moderate (100-500 km)
WIL-HAR,44.2701246,-123.1748105,stream,Willamette River at Harrisburg,23763337.0,United States,WROL,PNNL_River_Sampling,96.22,uw10306313,5.6,19.608,Shallow,1993.0,"4 km E of Scotts Mills, Oregon",Very Close (<100 km)
WIL-JAS,43.9983,-122.905,stream,Middle Fork Willamette River,23751778.0,United States,WROL,PNNL_River_Sampling,117.7,uw10306313,5.6,19.608,Shallow,1993.0,"4 km E of Scotts Mills, Oregon",Moderate (100-500 km)
WIL-POR,45.5175,-122.6692,stream,Willamette River at Portland,23815040.0,United States,WROL,PNNL_River_Sampling,10.7,iscgem875624,5.16,15.0,Shallow,1962.0,"5 km E of Bridgeton, Oregon",Very Close (<100 km)
YDE21_001,77.94,14.27,groundwater spring,Vestre Grønfjordbreen proximal (VGFB1),-9999.0,Norway,YDE21,PNNL_River_Sampling,86.98,iscgemsup777820,5.39,10.0,Shallow,1971.0,"71 km SE of Longyearbyen, Svalbard and Jan Mayen",Very Close (<100 km)
YDE21_002,77.93,14.32,groundwater spring,Austre Grønfjordbreen proximal (AGFBp),-9999.0,Norway,YDE21,PNNL_River_Sampling,85.66,iscgemsup777820,5.39,10.0,Shallow,1971.0,"71 km SE of Longyearbyen, Svalbard and Jan Mayen",Very Close (<100 km)
YDE21_003,77.83,17.06,groundwater spring,Vallåkrabreen Groundwater Spring (GW1),-9999.0,Norway,YDE21,PNNL_River_Sampling,20.74,iscgemsup777820,5.39,10.0,Shallow,1971.0,"71 km SE of Longyearbyen, Svalbard and Jan Mayen",Very Close (<100 km)
YDE21_004,77.84,17.07,stream,Vallåkrabreen Up Stream Station,-9999.0,Norway,YDE21,PNNL_River_Sampling,20.75,iscgemsup777820,5.39,10.0,Shallow,1971.0,"71 km SE of Longyearbyen, Svalbard and Jan Mayen",Very Close (<100 km)
YDE21_005,77.84,17.07,stream,Vallåkrabreen Up Stream Station,-9999.0,Norway,YDE21,PNNL_River_Sampling,20.75,iscgemsup777820,5.39,10.0,Shallow,1971.0,"71 km SE of Longyearbyen, Svalbard and Jan Mayen",Very Close (<100 km)
YDE21_006,77.84,17.07,stream,Vallåkrabreen Up Stream Station,-9999.0,Norway,YDE21,PNNL_River_Sampling,20.75,iscgemsup777820,5.39,10.0,Shallow,1971.0,"71 km SE of Longyearbyen, Svalbard and Jan Mayen",Very Close (<100 km)
YDE21_007,77.84,17.07,stream,Vallåkrabreen Up Stream Station,-9999.0,Norway,YDE21,PNNL_River_Sampling,20.75,iscgemsup777820,5.39,10.0,Shallow,1971.0,"71 km SE of Longyearbyen, Svalbard and Jan Mayen",Very Close (<100 km)
YDE21_008,77.84,17.07,stream,Vallåkrabreen Up Stream Station,-9999.0,Norway,YDE21,PNNL_River_Sampling,20.75,iscgemsup777820,5.39,10.0,Shallow,1971.0,"71 km SE of Longyearbyen, Svalbard and Jan Mayen",Very Close (<100 km)
YDE21_009,77.83,17.06,groundwater spring,Vallåkrabreen Groundwater Station (GW2),-9999.0,Norway,YDE21,PNNL_River_Sampling,20.74,iscgemsup777820,5.39,10.0,Shallow,1971.0,"71 km SE of Longyearbyen, Svalbard and Jan Mayen",Very Close (<100 km)
YDE21_01_SED,77.84,17.07,stream,Vallåkrabreen Up Stream Station,-9999.0,Norway,YDE21,PNNL_River_Sampling,20.75,iscgemsup777820,5.39,10.0,Shallow,1971.0,"71 km SE of Longyearbyen, Svalbard and Jan Mayen",Very Close (<100 km)
YDE21_010,77.84,17.07,stream,Vallåkrabreen Up Stream Station,-9999.0,Norway,YDE21,PNNL_River_Sampling,20.75,iscgemsup777820,5.39,10.0,Shallow,1971.0,"71 km SE of Longyearbyen, Svalbard and Jan Mayen",Very Close (<100 km)
YDE21_011,77.84,17.07,stream,Vallåkrabreen Up Stream Station,-9999.0,Norway,YDE21,PNNL_River_Sampling,20.75,iscgemsup777820,5.39,10.0,Shallow,1971.0,"71 km SE of Longyearbyen, Svalbard and Jan Mayen",Very Close (<100 km)
YDE21_012,77.84,17.07,stream,Vallåkrabreen Up Stream Station,-9999.0,Norway,YDE21,PNNL_River_Sampling,20.75,iscgemsup777820,5.39,10.0,Shallow,1971.0,"71 km SE of Longyearbyen, Svalbard and Jan Mayen",Very Close (<100 km)
YDE21_013,77.84,17.07,stream,Vallåkrabreen Up Stream Station,-9999.0,Norway,YDE21,PNNL_River_Sampling,20.75,iscgemsup777820,5.39,10.0,Shallow,1971.0,"71 km SE of Longyearbyen, Svalbard and Jan Mayen",Very Close (<100 km)
YDE21_014,77.84,17.07,stream,Vallåkrabreen Up Stream Station,-9999.0,Norway,YDE21,PNNL_River_Sampling,20.75,iscgemsup777820,5.39,10.0,Shallow,1971.0,"71 km SE of Longyearbyen, Svalbard and Jan Mayen",Very Close (<100 km)
YDE21_015,77.85,16.92,stream,Bjartfonna,-9999.0,Norway,YDE21,PNNL_River_Sampling,24.43,iscgemsup777820,5.39,10.0,Shallow,1971.0,"71 km SE of Longyearbyen, Svalbard and Jan Mayen",Very Close (<100 km)
YDE21_016,77.84,17.07,stream,Vallåkrabreen Up Stream Station,-9999.0,Norway,YDE21,PNNL_River_Sampling,20.75,iscgemsup777820,5.39,10.0,Shallow,1971.0,"71 km SE of Longyearbyen, Svalbard and Jan Mayen",Very Close (<100 km)
YDE21_017,77.75,17.04,stream,Scheelebreen Main River,-9999.0,Norway,YDE21,PNNL_River_Sampling,21.46,iscgemsup777820,5.39,10.0,Shallow,1971.0,"71 km SE of Longyearbyen, Svalbard and Jan Mayen",Very Close (<100 km)
YDE21_018,77.84,17.07,stream,Vallåkrabreen Up Stream Station,-9999.0,Norway,YDE21,PNNL_River_Sampling,20.75,iscgemsup777820,5.39,10.0,Shallow,1971.0,"71 km SE of Longyearbyen, Svalbard and Jan Mayen",Very Close (<100 km)
YDE21_019,77.83,17.1,stream,Cirque glacier on Majorfjellet,-9999.0,Norway,YDE21,PNNL_River_Sampling,19.82,iscgemsup777820,5.39,10.0,Shallow,1971.0,"71 km SE of Longyearbyen, Svalbard and Jan Mayen",Very Close (<100 km)
YDE21_02_SED,77.84,17.07,glacier,Vallåkrabreen Basal Sediment,-9999.0,Norway,YDE21,PNNL_River_Sampling,20.75,iscgemsup777820,5.39,10.0,Shallow,1971.0,"71 km SE of Longyearbyen, Svalbard and Jan Mayen",Very Close (<100 km)
YDE21_020,77.83,17.13,stream,Lognbreen River at Glacier Margin,-9999.0,Norway,YDE21,PNNL_River_Sampling,19.13,iscgemsup777820,5.39,10.0,Shallow,1971.0,"71 km SE of Longyearbyen, Svalbard and Jan Mayen",Very Close (<100 km)
YDE21_021,77.84,17.07,stream,Vallåkrabreen Up Stream Station,-9999.0,Norway,YDE21,PNNL_River_Sampling,20.75,iscgemsup777820,5.39,10.0,Shallow,1971.0,"71 km SE of Longyearbyen, Svalbard and Jan Mayen",Very Close (<100 km)
YDE21_022,77.85,17.1,cryoconite,VLR Cryoconite 1,-9999.0,Norway,YDE21,PNNL_River_Sampling,20.37,iscgemsup777820,5.39,10.0,Shallow,1971.0,"71 km SE of Longyearbyen, Svalbard and Jan Mayen",Very Close (<100 km)
YDE21_023,77.84,17.07,stream,"Vallåkrabreen Up Stream Station, Diurnal Sample 1",-9999.0,Norway,YDE21,PNNL_River_Sampling,20.75,iscgemsup777820,5.39,10.0,Shallow,1971.0,"71 km SE of Longyearbyen, Svalbard and Jan Mayen",Very Close (<100 km)
YDE21_024,77.84,17.07,stream,"Vallåkrabreen Up Stream Station, Diurnal Sample 2",-9999.0,Norway,YDE21,PNNL_River_Sampling,20.75,iscgemsup777820,5.39,10.0,Shallow,1971.0,"71 km SE of Longyearbyen, Svalbard and Jan Mayen",Very Close (<100 km)
YDE21_025,77.84,17.07,stream,"Vallåkrabreen Up Stream Station, Diurnal Sample 3",-9999.0,Norway,YDE21,PNNL_River_Sampling,20.75,iscgemsup777820,5.39,10.0,Shallow,1971.0,"71 km SE of Longyearbyen, Svalbard and Jan Mayen",Very Close (<100 km)
YDE21_026,77.84,17.07,stream,"Vallåkrabreen Up Stream Station, Diurnal Sample 4",-9999.0,Norway,YDE21,PNNL_River_Sampling,20.75,iscgemsup777820,5.39,10.0,Shallow,1971.0,"71 km SE of Longyearbyen, Svalbard and Jan Mayen",Very Close (<100 km)
YDE21_027,77.84,17.07,stream,"Vallåkrabreen Up Stream Station, Diurnal Sample 5",-9999.0,Norway,YDE21,PNNL_River_Sampling,20.75,iscgemsup777820,5.39,10.0,Shallow,1971.0,"71 km SE of Longyearbyen, Svalbard and Jan Mayen",Very Close (<100 km)
YDE21_028,77.84,17.07,stream,"Vallåkrabreen Up Stream Station, Diurnal Sample 6",-9999.0,Norway,YDE21,PNNL_River_Sampling,20.75,iscgemsup777820,5.39,10.0,Shallow,1971.0,"71 km SE of Longyearbyen, Svalbard and Jan Mayen",Very Close (<100 km)
YDE21_029,77.84,17.07,stream,"Vallåkrabreen Up Stream Station, Diurnal Sample 7",-9999.0,Norway,YDE21,PNNL_River_Sampling,20.75,iscgemsup777820,5.39,10.0,Shallow,1971.0,"71 km SE of Longyearbyen, Svalbard and Jan Mayen",Very Close (<100 km)
YDE21_030,77.84,17.07,stream,Vallåkrabreen Up Stream Station,-9999.0,Norway,YDE21,PNNL_River_Sampling,20.75,iscgemsup777820,5.39,10.0,Shallow,1971.0,"71 km SE of Longyearbyen, Svalbard and Jan Mayen",Very Close (<100 km)
YDE21_031,77.83,17.06,groundwater spring,GW Transect Sample 1 (GW4),-9999.0,Norway,YDE21,PNNL_River_Sampling,20.74,iscgemsup777820,5.39,10.0,Shallow,1971.0,"71 km SE of Longyearbyen, Svalbard and Jan Mayen",Very Close (<100 km)
YDE21_032,77.83,17.06,groundwater spring,GW Transect Sample 2 (GW3),-9999.0,Norway,YDE21,PNNL_River_Sampling,20.74,iscgemsup777820,5.39,10.0,Shallow,1971.0,"71 km SE of Longyearbyen, Svalbard and Jan Mayen",Very Close (<100 km)
YDE21_033,77.83,17.06,groundwater spring,GW Transect Sample 3 (Spring formed below where GW1 was),-9999.0,Norway,YDE21,PNNL_River_Sampling,20.74,iscgemsup777820,5.39,10.0,Shallow,1971.0,"71 km SE of Longyearbyen, Svalbard and Jan Mayen",Very Close (<100 km)
YDE21_034,77.83,17.06,groundwater spring,GW Transect Sample 4,-9999.0,Norway,YDE21,PNNL_River_Sampling,20.74,iscgemsup777820,5.39,10.0,Shallow,1971.0,"71 km SE of Longyearbyen, Svalbard and Jan Mayen",Very Close (<100 km)
YDE21_035,77.83,17.04,groundwater spring,GW Transect Sample 5,-9999.0,Norway,YDE21,PNNL_River_Sampling,21.2,iscgemsup777820,5.39,10.0,Shallow,1971.0,"71 km SE of Longyearbyen, Svalbard and Jan Mayen",Very Close (<100 km)
YDE21_036,77.84,17.07,stream,Vallåkrabreen Up Stream Station,-9999.0,Norway,YDE21,PNNL_River_Sampling,20.75,iscgemsup777820,5.39,10.0,Shallow,1971.0,"71 km SE of Longyearbyen, Svalbard and Jan Mayen",Very Close (<100 km)
YDE21_037,77.84,17.07,stream,Vallåkrabreen Up Stream Station,-9999.0,Norway,YDE21,PNNL_River_Sampling,20.75,iscgemsup777820,5.39,10.0,Shallow,1971.0,"71 km SE of Longyearbyen, Svalbard and Jan Mayen",Very Close (<100 km)
YDE21_038,77.81,16.98,stream,Metabolites River Transect Sample 1 (outlet to fjord),-9999.0,Norway,YDE21,PNNL_River_Sampling,22.32,iscgemsup777820,5.39,10.0,Shallow,1971.0,"71 km SE of Longyearbyen, Svalbard and Jan Mayen",Very Close (<100 km)
YDE21_039,77.82,17.01,stream,Metabolites River Transect Sample 2 (outlet of canyon),-9999.0,Norway,YDE21,PNNL_River_Sampling,21.73,iscgemsup777820,5.39,10.0,Shallow,1971.0,"71 km SE of Longyearbyen, Svalbard and Jan Mayen",Very Close (<100 km)
YDE21_040,77.83,17.04,stream,Metabolites River Transect Sample 3 (within canyon area),-9999.0,Norway,YDE21,PNNL_River_Sampling,21.2,iscgemsup777820,5.39,10.0,Shallow,1971.0,"71 km SE of Longyearbyen, Svalbard and Jan Mayen",Very Close (<100 km)
YDE21_041,77.83,17.05,stream,Metabolites River Transect Sample 4 (bulk station),-9999.0,Norway,YDE21,PNNL_River_Sampling,20.97,iscgemsup777820,5.39,10.0,Shallow,1971.0,"71 km SE of Longyearbyen, Svalbard and Jan Mayen",Very Close (<100 km)
YDE21_042,77.83,17.06,stream,Metabolites River Transect Sample 5 (after groundwater section),-9999.0,Norway,YDE21,PNNL_River_Sampling,20.74,iscgemsup777820,5.39,10.0,Shallow,1971.0,"71 km SE of Longyearbyen, Svalbard and Jan Mayen",Very Close (<100 km)
YDE21_043,77.83,17.06,stream,Metabolites River Transect Sample 6 (after Lognbreen river),-9999.0,Norway,YDE21,PNNL_River_Sampling,20.74,iscgemsup777820,5.39,10.0,Shallow,1971.0,"71 km SE of Longyearbyen, Svalbard and Jan Mayen",Very Close (<100 km)
YDE21_044,77.84,17.07,stream,Metabolites River Transect Sample 7 (VLR US station),-9999.0,Norway,YDE21,PNNL_River_Sampling,20.75,iscgemsup777820,5.39,10.0,Shallow,1971.0,"71 km SE of Longyearbyen, Svalbard and Jan Mayen",Very Close (<100 km)
YDE21_045,77.84,17.07,stream,Metabolites River Transect Sample 8 (supraglacial stream),-9999.0,Norway,YDE21,PNNL_River_Sampling,20.75,iscgemsup777820,5.39,10.0,Shallow,1971.0,"71 km SE of Longyearbyen, Svalbard and Jan Mayen",Very Close (<100 km)
YDE21_046,77.84,17.07,stream,Metabolites River Transect Sample 9 (main subglacial river),-9999.0,Norway,YDE21,PNNL_River_Sampling,20.75,iscgemsup777820,5.39,10.0,Shallow,1971.0,"71 km SE of Longyearbyen, Svalbard and Jan Mayen",Very Close (<100 km)
YDE21_047,77.85,17.11,cryoconite,VLR Cryoconite 2,-9999.0,Norway,YDE21,PNNL_River_Sampling,20.15,iscgemsup777820,5.39,10.0,Shallow,1971.0,"71 km SE of Longyearbyen, Svalbard and Jan Mayen",Very Close (<100 km)
YDE21_048,77.85,17.11,cryoconite,VLR Cryoconite 3,-9999.0,Norway,YDE21,PNNL_River_Sampling,20.15,iscgemsup777820,5.39,10.0,Shallow,1971.0,"71 km SE of Longyearbyen, Svalbard and Jan Mayen",Very Close (<100 km)
YDE21_049,77.84,17.07,stream,Vallåkrabreen Up Stream Station,-9999.0,Norway,YDE21,PNNL_River_Sampling,20.75,iscgemsup777820,5.39,10.0,Shallow,1971.0,"71 km SE of Longyearbyen, Svalbard and Jan Mayen",Very Close (<100 km)
YDE21_050,77.83,17.06,groundwater spring,"Neighboring Pool to VLR Groundwater Station (GW3, vent #6)",-9999.0,Norway,YDE21,PNNL_River_Sampling,20.74,iscgemsup777820,5.39,10.0,Shallow,1971.0,"71 km SE of Longyearbyen, Svalbard and Jan Mayen",Very Close (<100 km)
YDE21_051,77.84,17.07,stream,Vallåkrabreen Up Stream Station,-9999.0,Norway,YDE21,PNNL_River_Sampling,20.75,iscgemsup777820,5.39,10.0,Shallow,1971.0,"71 km SE of Longyearbyen, Svalbard and Jan Mayen",Very Close (<100 km)
YDE21_052,77.84,17.07,stream,Vallåkrabreen Up Stream Station,-9999.0,Norway,YDE21,PNNL_River_Sampling,20.75,iscgemsup777820,5.39,10.0,Shallow,1971.0,"71 km SE of Longyearbyen, Svalbard and Jan Mayen",Very Close (<100 km)
YDE21_053,77.84,17.07,stream,Vallåkrabreen Up Stream Station,-9999.0,Norway,YDE21,PNNL_River_Sampling,20.75,iscgemsup777820,5.39,10.0,Shallow,1971.0,"71 km SE of Longyearbyen, Svalbard and Jan Mayen",Very Close (<100 km)
YDE21_054,78.15,16.11,stream,Foxfonna Melt River,-9999.0,Norway,YDE21,PNNL_River_Sampling,57.79,iscgemsup777820,5.39,10.0,Shallow,1971.0,"71 km SE of Longyearbyen, Svalbard and Jan Mayen",Very Close (<100 km)
YDE22_055,77.77425,17.02998,stream,Scheelebreen West Melt River,-9999.0,Norway,YDE22,PNNL_River_Sampling,21.22,iscgemsup777820,5.39,10.0,Shallow,1971.0,"71 km SE of Longyearbyen, Svalbard and Jan Mayen",Very Close (<100 km)
YDE22_056,77.76979,17.10647,stream,Scheelebreen East Melt River,-9999.0,Norway,YDE22,PNNL_River_Sampling,19.5,iscgemsup777820,5.39,10.0,Shallow,1971.0,"71 km SE of Longyearbyen, Svalbard and Jan Mayen",Very Close (<100 km)
YDE22_057,77.74734,17.14457,stream,Peisbreen Melt River,-9999.0,Norway,YDE22,PNNL_River_Sampling,19.15,iscgemsup777820,5.39,10.0,Shallow,1971.0,"71 km SE of Longyearbyen, Svalbard and Jan Mayen",Very Close (<100 km)
YDE22_058,77.78107,16.90922,stream,Lunabreen Melt River,-9999.0,Norway,YDE22,PNNL_River_Sampling,23.98,iscgemsup777820,5.39,10.0,Shallow,1971.0,"71 km SE of Longyearbyen, Svalbard and Jan Mayen",Very Close (<100 km)
YDE22_059,77.83103,17.1226,stream,Lognbreen Melt River,-9999.0,Norway,YDE22,PNNL_River_Sampling,19.33,iscgemsup777820,5.39,10.0,Shallow,1971.0,"71 km SE of Longyearbyen, Svalbard and Jan Mayen",Very Close (<100 km)
YDE22_060,77.81152,17.2076,stream,Mettebreen Melt River,-9999.0,Norway,YDE22,PNNL_River_Sampling,17.01,iscgemsup777820,5.39,10.0,Shallow,1971.0,"71 km SE of Longyearbyen, Svalbard and Jan Mayen",Very Close (<100 km)
YDE22_061,77.76906,16.81508,stream,Høgbreen Melt River,-9999.0,Norway,YDE22,PNNL_River_Sampling,26.31,iscgemsup777820,5.39,10.0,Shallow,1971.0,"71 km SE of Longyearbyen, Svalbard and Jan Mayen",Very Close (<100 km)
YDE22_062,77.78743,16.74347,stream,Elektrobreen Melt River,-9999.0,Norway,YDE22,PNNL_River_Sampling,27.84,iscgemsup777820,5.39,10.0,Shallow,1971.0,"71 km SE of Longyearbyen, Svalbard and Jan Mayen",Very Close (<100 km)
YDE22_063,77.79423,16.67507,stream,Bessemerbreen Melt River,-9999.0,Norway,YDE22,PNNL_River_Sampling,29.43,iscgemsup777820,5.39,10.0,Shallow,1971.0,"71 km SE of Longyearbyen, Svalbard and Jan Mayen",Very Close (<100 km)
YDE22_064,77.72347,16.51106,stream,Svalbreen Melt River,-9999.0,Norway,YDE22,PNNL_River_Sampling,34.29,iscgemsup777820,5.39,10.0,Shallow,1971.0,"71 km SE of Longyearbyen, Svalbard and Jan Mayen",Very Close (<100 km)
YDE22_065,77.86026,16.91277,stream,Stabarpbreen Melt River,-9999.0,Norway,YDE22,PNNL_River_Sampling,24.9,iscgemsup777820,5.39,10.0,Shallow,1971.0,"71 km SE of Longyearbyen, Svalbard and Jan Mayen",Very Close (<100 km)
YEP1,46.372907,-119.272176,stream,Columbia River,24415028.0,United States,YEP,PNNL_River_Sampling,75.21,iscgem903747,5.99,10.0,Shallow,1936.0,"3 km SW of Garrett, Washington",Very Close (<100 km)
YEP2,46.3729,-119.272098,stream,Columbia River,24415028.0,United States,YEP,PNNL_River_Sampling,75.2,iscgem903747,5.99,10.0,Shallow,1936.0,"3 km SW of Garrett, Washington",Very Close (<100 km)
